{
  "missing_in_sic": [
    "get_current_session_info",
    "get_logger",
    "Footer",
    "logger",
    "ICTPattern",
    "TabPane",
    "FractalAnalyzer",
    "CandleCoordinator",
    "SentinelDashboardDefinitivo",
    "SessionType",
    "box",
    "smart_log",
    "TYPE_CHECKING",
    "SmartDirectoryLogger",
    "RotatingFileHandler",
    "TradingDirection",
    "Console",
    "get_pattern_description",
    "POISystem",
    "App",
    "ict_pattern_analyzer",
    "calcular_tiempo_restante_para_proxima_sesion",
    "SignalStrength",
    "ZONA_HORARIA_LOCAL",
    "DownloadRequest",
    "MarketPhase",
    "Group",
    "Horizontal",
    "Confirm",
    "Align",
    "Layout",
    "ict_types",
    "Panel",
    "ict_detector",
    "Message",
    "get_ict_engine",
    "get_risk_reward_assessment",
    "render_problems_tab_simple",
    "DIRECTION_COLORS",
    "Table",
    "TabbedContent",
    "Static",
    "ProgressBar",
    "ICTSignal",
    "TradingScheduleManager",
    "FlowPriority",
    "ICTAnalyzer",
    "ICTAnalysisResult",
    "Binding",
    "Columns",
    "DownloadStats",
    "detectar_mt5_optimizado",
    "DownloadStatus",
    "get_strength_color",
    "AccFlowController",
    "Container",
    "SpinnerColumn",
    "Tree",
    "TCTFormatter",
    "Vertical",
    "Enum",
    "render_hibernacion_perfecta",
    "Prompt",
    "get_problems_summary",
    "sys",
    "get_advanced_candle_downloader",
    "POIScoringEngine",
    "JSONDecodeError",
    "json",
    "AdvancedCandleDownloader",
    "Text",
    "TCTInterface",
    "Header",
    "TextColumn",
    "Progress",
    "AggregatedTCTMetrics",
    "PATTERN_EMOJIS",
    "CONFIDENCE_CONFIG",
    "Button",
    "Label",
    "ComposeResult",
    "SAFE_DATA_DIR",
    "AnalysisOrchestrator",
    "MarketStructure"
  ],
  "reimports_by_file": {
    "C:\\Users\\v_jac\\Desktop\\itc engine v5.0\\dashboard\\dashboard_definitivo.py": [
      {
        "line": 46,
        "content": "from sistema.sic import enviar_senal_log, log_info, log_warning",
        "type": "enviar_senal_log_duplicate"
      },
      {
        "line": 127,
        "content": "from sistema.logging_interface import enviar_senal_log",
        "type": "enviar_senal_log_duplicate"
      },
      {
        "line": 278,
        "content": "enviar_senal_log(\"WARNING\", f\"Algunos imports opcionales no disponibles: {e}\", __name__, \"imports\")",
        "type": "enviar_senal_log_duplicate"
      },
      {
        "line": 324,
        "content": "enviar_senal_log(\"ERROR\", f\"❌ Error importando componentes reales: {e}\", \"dashboard_definitivo\", \"component_loading\")",
        "type": "enviar_senal_log_duplicate"
      },
      {
        "line": 1934,
        "content": "enviar_senal_log(\"INFO\", f\"✅ {tf_name}: {len(all_pois_from_tf)} POIs agregados (Total acumulado: {len(detected_pois)})\", \"dashboard_definitivo\", \"poi_detection\")",
        "type": "enviar_senal_log_duplicate"
      }
    ],
    "C:\\Users\\v_jac\\Desktop\\itc engine v5.0\\dashboard\\candle_downloader_widget.py": [
      {
        "line": 38,
        "content": "from sistema.sic import enviar_senal_log",
        "type": "enviar_senal_log_duplicate"
      }
    ],
    "C:\\Users\\v_jac\\Desktop\\itc engine v5.0\\dashboard\\dashboard_controller.py": [
      {
        "line": 25,
        "content": "from sistema.sic import enviar_senal_log",
        "type": "enviar_senal_log_duplicate"
      }
    ],
    "C:\\Users\\v_jac\\Desktop\\itc engine v5.0\\dashboard\\dashboard_problems_patch.py": [
      {
        "line": 27,
        "content": "from sistema.sic import enviar_senal_log, log_info, log_warning",
        "type": "enviar_senal_log_duplicate"
      }
    ],
    "C:\\Users\\v_jac\\Desktop\\itc engine v5.0\\dashboard\\hibernacion_perfecta.py": [
      {
        "line": 16,
        "content": "from sistema.sic import enviar_senal_log",
        "type": "enviar_senal_log_duplicate"
      }
    ],
    "C:\\Users\\v_jac\\Desktop\\itc engine v5.0\\dashboard\\hibernation_widget_v2.py": [
      {
        "line": 3,
        "content": "from sistema.sic import get_dashboard_controller, enviar_senal_log, get_mt5_manager, log_info, get_logging, log_error",
        "type": "enviar_senal_log_duplicate"
      },
      {
        "line": 24,
        "content": "from sistema.sic import enviar_senal_log",
        "type": "enviar_senal_log_duplicate"
      }
    ],
    "C:\\Users\\v_jac\\Desktop\\itc engine v5.0\\dashboard\\ict_professional_widget.py": [
      {
        "line": 18,
        "content": "from sistema.sic import enviar_senal_log, log_info, log_warning",
        "type": "enviar_senal_log_duplicate"
      },
      {
        "line": 23,
        "content": "from sistema.sic import enviar_senal_log",
        "type": "enviar_senal_log_duplicate"
      }
    ],
    "C:\\Users\\v_jac\\Desktop\\itc engine v5.0\\dashboard\\problems_tab_renderer.py": [
      {
        "line": 28,
        "content": "from sistema.sic import enviar_senal_log, log_info, log_warning",
        "type": "enviar_senal_log_duplicate"
      }
    ],
    "C:\\Users\\v_jac\\Desktop\\itc engine v5.0\\sistema\\config.py": [
      {
        "line": 33,
        "content": "from sistema.sic import enviar_senal_log",
        "type": "enviar_senal_log_duplicate"
      }
    ],
    "C:\\Users\\v_jac\\Desktop\\itc engine v5.0\\sistema\\data_logger.py": [
      {
        "line": 17,
        "content": "from sistema.sic import enviar_senal_log",
        "type": "enviar_senal_log_duplicate"
      }
    ],
    "C:\\Users\\v_jac\\Desktop\\itc engine v5.0\\sistema\\data_logger_clean.py": [
      {
        "line": 17,
        "content": "from sistema.sic import enviar_senal_log",
        "type": "enviar_senal_log_duplicate"
      }
    ],
    "C:\\Users\\v_jac\\Desktop\\itc engine v5.0\\sistema\\imports_interface.py": [
      {
        "line": 81,
        "content": "from sistema.logging_interface import enviar_senal_log",
        "type": "enviar_senal_log_duplicate"
      }
    ],
    "C:\\Users\\v_jac\\Desktop\\itc engine v5.0\\sistema\\logging_interface_simple.py": [
      {
        "line": 13,
        "content": "from sistema.sic import enviar_senal_log, log_info, log_warning",
        "type": "enviar_senal_log_duplicate"
      }
    ],
    "C:\\Users\\v_jac\\Desktop\\itc engine v5.0\\sistema\\market_status_detector.py": [
      {
        "line": 38,
        "content": "from sistema.sic import enviar_senal_log, log_info, log_warning",
        "type": "enviar_senal_log_duplicate"
      },
      {
        "line": 50,
        "content": "from sistema.sic_clean import enviar_senal_log",
        "type": "enviar_senal_log_duplicate"
      },
      {
        "line": 59,
        "content": "enviar_senal_log(\"ERROR\", f\"Error crítico importando TradingScheduleManager: {e}\", __name__, \"market_status\")",
        "type": "enviar_senal_log_duplicate"
      }
    ],
    "C:\\Users\\v_jac\\Desktop\\itc engine v5.0\\sistema\\market_status_detector_v3.py": [
      {
        "line": 46,
        "content": "from sistema.sic import enviar_senal_log",
        "type": "enviar_senal_log_duplicate"
      },
      {
        "line": 55,
        "content": "enviar_senal_log(\"ERROR\", f\"Error crítico importando TradingScheduleManager: {e}\", __name__, \"market_status\")",
        "type": "enviar_senal_log_duplicate"
      }
    ],
    "C:\\Users\\v_jac\\Desktop\\itc engine v5.0\\sistema\\system_monitor.py": [
      {
        "line": 21,
        "content": "from sistema.sic import enviar_senal_log, log_info, log_warning",
        "type": "enviar_senal_log_duplicate"
      },
      {
        "line": 24,
        "content": "from sistema.sic import enviar_senal_log, log_info, log_warning",
        "type": "enviar_senal_log_duplicate"
      },
      {
        "line": 38,
        "content": "from sistema.sic_clean import enviar_senal_log",
        "type": "enviar_senal_log_duplicate"
      }
    ],
    "C:\\Users\\v_jac\\Desktop\\itc engine v5.0\\sistema\\trading_schedule.py": [
      {
        "line": 28,
        "content": "from sistema.sic import enviar_senal_log",
        "type": "enviar_senal_log_duplicate"
      }
    ]
  },
  "direct_imports_by_file": {
    "C:\\Users\\v_jac\\Desktop\\itc engine v5.0\\dashboard\\dashboard_definitivo.py": [
      {
        "type": "from_import",
        "module": "pathlib",
        "name": "Path",
        "alias": null,
        "line": 33
      },
      {
        "type": "from_import",
        "module": "config.config_manager",
        "name": "ConfigManager",
        "alias": null,
        "line": 43
      },
      {
        "type": "from_import",
        "module": "rich.console",
        "name": "Console",
        "alias": null,
        "line": 98
      },
      {
        "type": "from_import",
        "module": "rich.table",
        "name": "Table",
        "alias": null,
        "line": 99
      },
      {
        "type": "from_import",
        "module": "rich.panel",
        "name": "Panel",
        "alias": null,
        "line": 100
      },
      {
        "type": "from_import",
        "module": "rich.text",
        "name": "Text",
        "alias": null,
        "line": 101
      },
      {
        "type": "from_import",
        "module": "textual.app",
        "name": "App",
        "alias": null,
        "line": 50
      },
      {
        "type": "from_import",
        "module": "textual.app",
        "name": "ComposeResult",
        "alias": null,
        "line": 50
      },
      {
        "type": "from_import",
        "module": "textual.containers",
        "name": "Container",
        "alias": null,
        "line": 51
      },
      {
        "type": "from_import",
        "module": "textual.containers",
        "name": "Horizontal",
        "alias": null,
        "line": 51
      },
      {
        "type": "from_import",
        "module": "textual.containers",
        "name": "Vertical",
        "alias": null,
        "line": 51
      },
      {
        "type": "from_import",
        "module": "textual.widgets",
        "name": "Header",
        "alias": null,
        "line": 52
      },
      {
        "type": "from_import",
        "module": "textual.widgets",
        "name": "Footer",
        "alias": null,
        "line": 52
      },
      {
        "type": "from_import",
        "module": "textual.widgets",
        "name": "Static",
        "alias": null,
        "line": 52
      },
      {
        "type": "from_import",
        "module": "textual.widgets",
        "name": "Button",
        "alias": null,
        "line": 52
      },
      {
        "type": "from_import",
        "module": "textual.widgets",
        "name": "Label",
        "alias": null,
        "line": 52
      },
      {
        "type": "from_import",
        "module": "textual.widgets",
        "name": "ProgressBar",
        "alias": null,
        "line": 52
      },
      {
        "type": "from_import",
        "module": "textual.widgets",
        "name": "TabbedContent",
        "alias": null,
        "line": 52
      },
      {
        "type": "from_import",
        "module": "textual.widgets",
        "name": "TabPane",
        "alias": null,
        "line": 52
      },
      {
        "type": "from_import",
        "module": "textual.binding",
        "name": "Binding",
        "alias": null,
        "line": 53
      },
      {
        "type": "from_import",
        "module": "textual.message",
        "name": "Message",
        "alias": null,
        "line": 54
      },
      {
        "type": "from_import",
        "module": "sistema.logging_interface",
        "name": "enviar_senal_log",
        "alias": null,
        "line": 127
      },
      {
        "type": "from_import",
        "module": "dashboard.problems_tab_renderer",
        "name": "render_problems_tab_simple",
        "alias": null,
        "line": 174
      },
      {
        "type": "from_import",
        "module": "dashboard.problems_tab_renderer",
        "name": "get_problems_summary",
        "alias": null,
        "line": 174
      },
      {
        "type": "from_import",
        "module": "dashboard.problems_tab_renderer",
        "name": "render_problems_tab_simple",
        "alias": null,
        "line": 186
      },
      {
        "type": "from_import",
        "module": "dashboard.problems_tab_renderer",
        "name": "get_problems_summary",
        "alias": null,
        "line": 186
      },
      {
        "type": "from_import",
        "module": "core.ict_engine",
        "name": "ict_types",
        "alias": null,
        "line": 281
      },
      {
        "type": "from_import",
        "module": "core.ict_engine",
        "name": "ict_pattern_analyzer",
        "alias": null,
        "line": 299
      },
      {
        "type": "from_import",
        "module": "core.ict_engine",
        "name": "ict_detector",
        "alias": null,
        "line": 299
      },
      {
        "type": "from_import",
        "module": "config.config_manager",
        "name": "ConfigManager",
        "alias": null,
        "line": 160
      },
      {
        "type": "from_import",
        "module": "dashboard.dashboard_controller",
        "name": "DashboardController",
        "alias": null,
        "line": 161
      },
      {
        "type": "from_import",
        "module": "core.ict_engine.ict_detector",
        "name": "ICTDetector",
        "alias": null,
        "line": 162
      },
      {
        "type": "from_import",
        "module": "core.limit_order_manager",
        "name": "LimitOrderManager",
        "alias": null,
        "line": 163
      },
      {
        "type": "from_import",
        "module": "sistema.market_status_detector_v3",
        "name": "MarketStatusDetector",
        "alias": null,
        "line": 164
      },
      {
        "type": "from_import",
        "module": "core.analysis_command_center.tct_pipeline.tct_interface",
        "name": "TCTInterface",
        "alias": null,
        "line": 165
      },
      {
        "type": "from_import",
        "module": "sistema.smart_directory_logger",
        "name": "logger",
        "alias": null,
        "line": 166
      },
      {
        "type": "from_import",
        "module": "textual.app",
        "name": "App",
        "alias": null,
        "line": 59
      },
      {
        "type": "from_import",
        "module": "textual.app",
        "name": "ComposeResult",
        "alias": null,
        "line": 59
      },
      {
        "type": "from_import",
        "module": "textual.containers",
        "name": "Container",
        "alias": null,
        "line": 60
      },
      {
        "type": "from_import",
        "module": "textual.containers",
        "name": "Horizontal",
        "alias": null,
        "line": 60
      },
      {
        "type": "from_import",
        "module": "textual.containers",
        "name": "Vertical",
        "alias": null,
        "line": 60
      },
      {
        "type": "from_import",
        "module": "textual.widgets",
        "name": "Header",
        "alias": null,
        "line": 61
      },
      {
        "type": "from_import",
        "module": "textual.widgets",
        "name": "Footer",
        "alias": null,
        "line": 61
      },
      {
        "type": "from_import",
        "module": "textual.widgets",
        "name": "Static",
        "alias": null,
        "line": 61
      },
      {
        "type": "from_import",
        "module": "textual.widgets",
        "name": "Button",
        "alias": null,
        "line": 61
      },
      {
        "type": "from_import",
        "module": "textual.widgets",
        "name": "Label",
        "alias": null,
        "line": 61
      },
      {
        "type": "from_import",
        "module": "textual.widgets",
        "name": "ProgressBar",
        "alias": null,
        "line": 61
      },
      {
        "type": "from_import",
        "module": "textual.binding",
        "name": "Binding",
        "alias": null,
        "line": 62
      },
      {
        "type": "from_import",
        "module": "textual.message",
        "name": "Message",
        "alias": null,
        "line": 63
      },
      {
        "type": "from_import",
        "module": "pathlib",
        "name": "Path",
        "alias": null,
        "line": 33
      },
      {
        "type": "from_import",
        "module": "config.config_manager",
        "name": "ConfigManager",
        "alias": null,
        "line": 43
      },
      {
        "type": "from_import",
        "module": "rich.console",
        "name": "Console",
        "alias": null,
        "line": 98
      },
      {
        "type": "from_import",
        "module": "rich.table",
        "name": "Table",
        "alias": null,
        "line": 99
      },
      {
        "type": "from_import",
        "module": "rich.panel",
        "name": "Panel",
        "alias": null,
        "line": 100
      },
      {
        "type": "from_import",
        "module": "rich.text",
        "name": "Text",
        "alias": null,
        "line": 101
      },
      {
        "type": "from_import",
        "module": "textual.app",
        "name": "App",
        "alias": null,
        "line": 50
      },
      {
        "type": "from_import",
        "module": "textual.app",
        "name": "ComposeResult",
        "alias": null,
        "line": 50
      },
      {
        "type": "from_import",
        "module": "textual.containers",
        "name": "Container",
        "alias": null,
        "line": 51
      },
      {
        "type": "from_import",
        "module": "textual.containers",
        "name": "Horizontal",
        "alias": null,
        "line": 51
      },
      {
        "type": "from_import",
        "module": "textual.containers",
        "name": "Vertical",
        "alias": null,
        "line": 51
      },
      {
        "type": "from_import",
        "module": "textual.widgets",
        "name": "Header",
        "alias": null,
        "line": 52
      },
      {
        "type": "from_import",
        "module": "textual.widgets",
        "name": "Footer",
        "alias": null,
        "line": 52
      },
      {
        "type": "from_import",
        "module": "textual.widgets",
        "name": "Static",
        "alias": null,
        "line": 52
      },
      {
        "type": "from_import",
        "module": "textual.widgets",
        "name": "Button",
        "alias": null,
        "line": 52
      },
      {
        "type": "from_import",
        "module": "textual.widgets",
        "name": "Label",
        "alias": null,
        "line": 52
      },
      {
        "type": "from_import",
        "module": "textual.widgets",
        "name": "ProgressBar",
        "alias": null,
        "line": 52
      },
      {
        "type": "from_import",
        "module": "textual.widgets",
        "name": "TabbedContent",
        "alias": null,
        "line": 52
      },
      {
        "type": "from_import",
        "module": "textual.widgets",
        "name": "TabPane",
        "alias": null,
        "line": 52
      },
      {
        "type": "from_import",
        "module": "textual.binding",
        "name": "Binding",
        "alias": null,
        "line": 53
      },
      {
        "type": "from_import",
        "module": "textual.message",
        "name": "Message",
        "alias": null,
        "line": 54
      },
      {
        "type": "from_import",
        "module": "sistema.logging_interface",
        "name": "enviar_senal_log",
        "alias": null,
        "line": 127
      },
      {
        "type": "from_import",
        "module": "dashboard.problems_tab_renderer",
        "name": "render_problems_tab_simple",
        "alias": null,
        "line": 174
      },
      {
        "type": "from_import",
        "module": "dashboard.problems_tab_renderer",
        "name": "get_problems_summary",
        "alias": null,
        "line": 174
      },
      {
        "type": "from_import",
        "module": "dashboard.problems_tab_renderer",
        "name": "render_problems_tab_simple",
        "alias": null,
        "line": 186
      },
      {
        "type": "from_import",
        "module": "dashboard.problems_tab_renderer",
        "name": "get_problems_summary",
        "alias": null,
        "line": 186
      },
      {
        "type": "from_import",
        "module": "core.ict_engine",
        "name": "ict_types",
        "alias": null,
        "line": 281
      },
      {
        "type": "from_import",
        "module": "core.ict_engine",
        "name": "ict_pattern_analyzer",
        "alias": null,
        "line": 299
      },
      {
        "type": "from_import",
        "module": "core.ict_engine",
        "name": "ict_detector",
        "alias": null,
        "line": 299
      },
      {
        "type": "from_import",
        "module": "config.config_manager",
        "name": "ConfigManager",
        "alias": null,
        "line": 160
      },
      {
        "type": "from_import",
        "module": "dashboard.dashboard_controller",
        "name": "DashboardController",
        "alias": null,
        "line": 161
      },
      {
        "type": "from_import",
        "module": "core.ict_engine.ict_detector",
        "name": "ICTDetector",
        "alias": null,
        "line": 162
      },
      {
        "type": "from_import",
        "module": "core.limit_order_manager",
        "name": "LimitOrderManager",
        "alias": null,
        "line": 163
      },
      {
        "type": "from_import",
        "module": "sistema.market_status_detector_v3",
        "name": "MarketStatusDetector",
        "alias": null,
        "line": 164
      },
      {
        "type": "from_import",
        "module": "core.analysis_command_center.tct_pipeline.tct_interface",
        "name": "TCTInterface",
        "alias": null,
        "line": 165
      },
      {
        "type": "from_import",
        "module": "sistema.smart_directory_logger",
        "name": "logger",
        "alias": null,
        "line": 166
      },
      {
        "type": "from_import",
        "module": "textual.app",
        "name": "App",
        "alias": null,
        "line": 59
      },
      {
        "type": "from_import",
        "module": "textual.app",
        "name": "ComposeResult",
        "alias": null,
        "line": 59
      },
      {
        "type": "from_import",
        "module": "textual.containers",
        "name": "Container",
        "alias": null,
        "line": 60
      },
      {
        "type": "from_import",
        "module": "textual.containers",
        "name": "Horizontal",
        "alias": null,
        "line": 60
      },
      {
        "type": "from_import",
        "module": "textual.containers",
        "name": "Vertical",
        "alias": null,
        "line": 60
      },
      {
        "type": "from_import",
        "module": "textual.widgets",
        "name": "Header",
        "alias": null,
        "line": 61
      },
      {
        "type": "from_import",
        "module": "textual.widgets",
        "name": "Footer",
        "alias": null,
        "line": 61
      },
      {
        "type": "from_import",
        "module": "textual.widgets",
        "name": "Static",
        "alias": null,
        "line": 61
      },
      {
        "type": "from_import",
        "module": "textual.widgets",
        "name": "Button",
        "alias": null,
        "line": 61
      },
      {
        "type": "from_import",
        "module": "textual.widgets",
        "name": "Label",
        "alias": null,
        "line": 61
      },
      {
        "type": "from_import",
        "module": "textual.widgets",
        "name": "ProgressBar",
        "alias": null,
        "line": 61
      },
      {
        "type": "from_import",
        "module": "textual.binding",
        "name": "Binding",
        "alias": null,
        "line": 62
      },
      {
        "type": "from_import",
        "module": "textual.message",
        "name": "Message",
        "alias": null,
        "line": 63
      }
    ],
    "C:\\Users\\v_jac\\Desktop\\itc engine v5.0\\sistema\\sic.py": [
      {
        "type": "from_import",
        "module": "pathlib",
        "name": "Path",
        "alias": null,
        "line": 27
      },
      {
        "type": "from_import",
        "module": "typing",
        "name": "Dict",
        "alias": null,
        "line": 31
      },
      {
        "type": "from_import",
        "module": "typing",
        "name": "List",
        "alias": null,
        "line": 31
      },
      {
        "type": "from_import",
        "module": "typing",
        "name": "Optional",
        "alias": null,
        "line": 31
      },
      {
        "type": "from_import",
        "module": "typing",
        "name": "Any",
        "alias": null,
        "line": 31
      },
      {
        "type": "from_import",
        "module": "typing",
        "name": "Tuple",
        "alias": null,
        "line": 31
      },
      {
        "type": "from_import",
        "module": "typing",
        "name": "Union",
        "alias": null,
        "line": 31
      },
      {
        "type": "from_import",
        "module": "typing",
        "name": "TYPE_CHECKING",
        "alias": null,
        "line": 31
      },
      {
        "type": "from_import",
        "module": "typing",
        "name": "Callable",
        "alias": null,
        "line": 31
      },
      {
        "type": "from_import",
        "module": "typing",
        "name": "Set",
        "alias": null,
        "line": 31
      },
      {
        "type": "from_import",
        "module": "datetime",
        "name": "datetime",
        "alias": null,
        "line": 47
      },
      {
        "type": "from_import",
        "module": "datetime",
        "name": "timedelta",
        "alias": null,
        "line": 47
      },
      {
        "type": "from_import",
        "module": "datetime",
        "name": "timezone",
        "alias": null,
        "line": 47
      },
      {
        "type": "from_import",
        "module": "datetime",
        "name": "time",
        "alias": null,
        "line": 47
      },
      {
        "type": "from_import",
        "module": "dataclasses",
        "name": "dataclass",
        "alias": null,
        "line": 59
      },
      {
        "type": "from_import",
        "module": "dataclasses",
        "name": "field",
        "alias": null,
        "line": 59
      },
      {
        "type": "from_import",
        "module": "dataclasses",
        "name": "asdict",
        "alias": null,
        "line": 59
      },
      {
        "type": "from_import",
        "module": "collections",
        "name": "defaultdict",
        "alias": null,
        "line": 72
      },
      {
        "type": "from_import",
        "module": "collections",
        "name": "Counter",
        "alias": null,
        "line": 72
      },
      {
        "type": "from_import",
        "module": "collections",
        "name": "deque",
        "alias": null,
        "line": 72
      },
      {
        "type": "from_import",
        "module": "pathlib",
        "name": "Path",
        "alias": null,
        "line": 27
      },
      {
        "type": "from_import",
        "module": "typing",
        "name": "Dict",
        "alias": null,
        "line": 31
      },
      {
        "type": "from_import",
        "module": "typing",
        "name": "List",
        "alias": null,
        "line": 31
      },
      {
        "type": "from_import",
        "module": "typing",
        "name": "Optional",
        "alias": null,
        "line": 31
      },
      {
        "type": "from_import",
        "module": "typing",
        "name": "Any",
        "alias": null,
        "line": 31
      },
      {
        "type": "from_import",
        "module": "typing",
        "name": "Tuple",
        "alias": null,
        "line": 31
      },
      {
        "type": "from_import",
        "module": "typing",
        "name": "Union",
        "alias": null,
        "line": 31
      },
      {
        "type": "from_import",
        "module": "typing",
        "name": "TYPE_CHECKING",
        "alias": null,
        "line": 31
      },
      {
        "type": "from_import",
        "module": "typing",
        "name": "Callable",
        "alias": null,
        "line": 31
      },
      {
        "type": "from_import",
        "module": "typing",
        "name": "Set",
        "alias": null,
        "line": 31
      },
      {
        "type": "from_import",
        "module": "datetime",
        "name": "datetime",
        "alias": null,
        "line": 47
      },
      {
        "type": "from_import",
        "module": "datetime",
        "name": "timedelta",
        "alias": null,
        "line": 47
      },
      {
        "type": "from_import",
        "module": "datetime",
        "name": "timezone",
        "alias": null,
        "line": 47
      },
      {
        "type": "from_import",
        "module": "datetime",
        "name": "time",
        "alias": null,
        "line": 47
      },
      {
        "type": "from_import",
        "module": "dataclasses",
        "name": "dataclass",
        "alias": null,
        "line": 59
      },
      {
        "type": "from_import",
        "module": "dataclasses",
        "name": "field",
        "alias": null,
        "line": 59
      },
      {
        "type": "from_import",
        "module": "dataclasses",
        "name": "asdict",
        "alias": null,
        "line": 59
      },
      {
        "type": "from_import",
        "module": "collections",
        "name": "defaultdict",
        "alias": null,
        "line": 72
      },
      {
        "type": "from_import",
        "module": "collections",
        "name": "Counter",
        "alias": null,
        "line": 72
      },
      {
        "type": "from_import",
        "module": "collections",
        "name": "deque",
        "alias": null,
        "line": 72
      }
    ],
    "C:\\Users\\v_jac\\Desktop\\itc engine v5.0\\sistema\\logging_interface.py": [
      {
        "type": "from_import",
        "module": "pathlib",
        "name": "Path",
        "alias": null,
        "line": 26
      },
      {
        "type": "from_import",
        "module": "typing",
        "name": "Dict",
        "alias": null,
        "line": 27
      },
      {
        "type": "from_import",
        "module": "typing",
        "name": "Optional",
        "alias": null,
        "line": 27
      },
      {
        "type": "from_import",
        "module": "typing",
        "name": "Any",
        "alias": null,
        "line": 27
      },
      {
        "type": "from_import",
        "module": "sistema.smart_directory_logger",
        "name": "SmartDirectoryLogger",
        "alias": null,
        "line": 30
      },
      {
        "type": "from_import",
        "module": "sistema.smart_directory_logger",
        "name": "smart_log",
        "alias": null,
        "line": 30
      },
      {
        "type": "from_import",
        "module": "sistema.smart_directory_logger",
        "name": "get_smart_stats",
        "alias": null,
        "line": 200
      },
      {
        "type": "from_import",
        "module": "sistema.smart_directory_logger",
        "name": "create_summary",
        "alias": null,
        "line": 208
      },
      {
        "type": "from_import",
        "module": "pathlib",
        "name": "Path",
        "alias": null,
        "line": 26
      },
      {
        "type": "from_import",
        "module": "typing",
        "name": "Dict",
        "alias": null,
        "line": 27
      },
      {
        "type": "from_import",
        "module": "typing",
        "name": "Optional",
        "alias": null,
        "line": 27
      },
      {
        "type": "from_import",
        "module": "typing",
        "name": "Any",
        "alias": null,
        "line": 27
      },
      {
        "type": "from_import",
        "module": "sistema.smart_directory_logger",
        "name": "SmartDirectoryLogger",
        "alias": null,
        "line": 30
      },
      {
        "type": "from_import",
        "module": "sistema.smart_directory_logger",
        "name": "smart_log",
        "alias": null,
        "line": 30
      },
      {
        "type": "from_import",
        "module": "sistema.smart_directory_logger",
        "name": "get_smart_stats",
        "alias": null,
        "line": 200
      },
      {
        "type": "from_import",
        "module": "sistema.smart_directory_logger",
        "name": "create_summary",
        "alias": null,
        "line": 208
      }
    ],
    "C:\\Users\\v_jac\\Desktop\\itc engine v5.0\\dashboard\\candle_downloader_widget.py": [
      {
        "type": "from_import",
        "module": "rich.panel",
        "name": "Panel",
        "alias": null,
        "line": 18
      },
      {
        "type": "from_import",
        "module": "rich.table",
        "name": "Table",
        "alias": null,
        "line": 19
      },
      {
        "type": "from_import",
        "module": "rich.layout",
        "name": "Layout",
        "alias": null,
        "line": 20
      },
      {
        "type": "from_import",
        "module": "rich.text",
        "name": "Text",
        "alias": null,
        "line": 21
      },
      {
        "type": "from_import",
        "module": "rich.console",
        "name": "Group",
        "alias": null,
        "line": 22
      },
      {
        "type": "from_import",
        "module": "rich",
        "name": "box",
        "alias": null,
        "line": 23
      },
      {
        "type": "from_import",
        "module": "core.data_management.advanced_candle_downloader",
        "name": "get_advanced_candle_downloader",
        "alias": null,
        "line": 30
      },
      {
        "type": "from_import",
        "module": "core.data_management.advanced_candle_downloader",
        "name": "DownloadStats",
        "alias": null,
        "line": 30
      }
    ],
    "C:\\Users\\v_jac\\Desktop\\itc engine v5.0\\dashboard\\dashboard_controller.py": [
      {
        "type": "from_import",
        "module": "json",
        "name": "JSONDecodeError",
        "alias": null,
        "line": 20
      },
      {
        "type": "from_import",
        "module": "core.analysis_command_center",
        "name": "AnalysisOrchestrator",
        "alias": null,
        "line": 28
      }
    ],
    "C:\\Users\\v_jac\\Desktop\\itc engine v5.0\\dashboard\\hibernacion_perfecta.py": [
      {
        "type": "from_import",
        "module": "rich.text",
        "name": "Text",
        "alias": null,
        "line": 27
      },
      {
        "type": "from_import",
        "module": "rich.panel",
        "name": "Panel",
        "alias": null,
        "line": 28
      },
      {
        "type": "from_import",
        "module": "utils.mt5_data_manager",
        "name": "get_mt5_manager",
        "alias": null,
        "line": 32
      },
      {
        "type": "from_import",
        "module": "utils.mt5_data_manager",
        "name": "get_mt5_manager",
        "alias": null,
        "line": 40
      }
    ],
    "C:\\Users\\v_jac\\Desktop\\itc engine v5.0\\dashboard\\hibernation_widget_v2.py": [
      {
        "type": "from_import",
        "module": "rich.table",
        "name": "Table",
        "alias": null,
        "line": 5
      },
      {
        "type": "from_import",
        "module": "rich.panel",
        "name": "Panel",
        "alias": null,
        "line": 6
      },
      {
        "type": "from_import",
        "module": "rich.text",
        "name": "Text",
        "alias": null,
        "line": 7
      },
      {
        "type": "from_import",
        "module": "utils.mt5_data_manager",
        "name": "get_mt5_manager",
        "alias": null,
        "line": 25
      },
      {
        "type": "from_import",
        "module": "rich.table",
        "name": "Table",
        "alias": null,
        "line": 27
      },
      {
        "type": "from_import",
        "module": "rich.panel",
        "name": "Panel",
        "alias": null,
        "line": 28
      },
      {
        "type": "from_import",
        "module": "rich.text",
        "name": "Text",
        "alias": null,
        "line": 29
      }
    ],
    "C:\\Users\\v_jac\\Desktop\\itc engine v5.0\\dashboard\\ict_professional_widget.py": [
      {
        "type": "from_import",
        "module": "rich.panel",
        "name": "Panel",
        "alias": null,
        "line": 20
      },
      {
        "type": "from_import",
        "module": "rich.table",
        "name": "Table",
        "alias": null,
        "line": 21
      },
      {
        "type": "from_import",
        "module": "rich.layout",
        "name": "Layout",
        "alias": null,
        "line": 33
      },
      {
        "type": "from_import",
        "module": "rich.text",
        "name": "Text",
        "alias": null,
        "line": 34
      },
      {
        "type": "from_import",
        "module": "rich.console",
        "name": "Group",
        "alias": null,
        "line": 35
      },
      {
        "type": "from_import",
        "module": "rich",
        "name": "box",
        "alias": null,
        "line": 36
      },
      {
        "type": "from_import",
        "module": "core.ict_engine.ict_types",
        "name": "ICTPattern",
        "alias": null,
        "line": 45
      },
      {
        "type": "from_import",
        "module": "core.ict_engine.ict_types",
        "name": "MarketPhase",
        "alias": null,
        "line": 45
      },
      {
        "type": "from_import",
        "module": "core.ict_engine.ict_types",
        "name": "SessionType",
        "alias": null,
        "line": 45
      },
      {
        "type": "from_import",
        "module": "core.ict_engine.ict_types",
        "name": "SignalStrength",
        "alias": null,
        "line": 45
      },
      {
        "type": "from_import",
        "module": "core.ict_engine.ict_types",
        "name": "TradingDirection",
        "alias": null,
        "line": 45
      },
      {
        "type": "from_import",
        "module": "core.ict_engine.ict_types",
        "name": "ICTSignal",
        "alias": null,
        "line": 45
      },
      {
        "type": "from_import",
        "module": "core.ict_engine.ict_types",
        "name": "MarketStructure",
        "alias": null,
        "line": 45
      },
      {
        "type": "from_import",
        "module": "core.ict_engine.ict_types",
        "name": "ICTAnalysisResult",
        "alias": null,
        "line": 45
      },
      {
        "type": "from_import",
        "module": "core.ict_engine.ict_types",
        "name": "PATTERN_EMOJIS",
        "alias": null,
        "line": 45
      },
      {
        "type": "from_import",
        "module": "core.ict_engine.ict_types",
        "name": "DIRECTION_COLORS",
        "alias": null,
        "line": 45
      },
      {
        "type": "from_import",
        "module": "core.ict_engine.ict_types",
        "name": "get_pattern_description",
        "alias": null,
        "line": 45
      },
      {
        "type": "from_import",
        "module": "core.ict_engine.ict_types",
        "name": "get_strength_color",
        "alias": null,
        "line": 45
      },
      {
        "type": "from_import",
        "module": "core.ict_engine.ict_types",
        "name": "get_risk_reward_assessment",
        "alias": null,
        "line": 45
      }
    ],
    "C:\\Users\\v_jac\\Desktop\\itc engine v5.0\\dashboard\\problems_tab_renderer.py": [
      {
        "type": "from_import",
        "module": "rich.console",
        "name": "Console",
        "alias": null,
        "line": 41
      },
      {
        "type": "from_import",
        "module": "rich.panel",
        "name": "Panel",
        "alias": null,
        "line": 42
      },
      {
        "type": "from_import",
        "module": "rich.table",
        "name": "Table",
        "alias": null,
        "line": 43
      },
      {
        "type": "from_import",
        "module": "rich.tree",
        "name": "Tree",
        "alias": null,
        "line": 44
      },
      {
        "type": "from_import",
        "module": "rich.columns",
        "name": "Columns",
        "alias": null,
        "line": 45
      },
      {
        "type": "from_import",
        "module": "rich.progress",
        "name": "Progress",
        "alias": null,
        "line": 46
      },
      {
        "type": "from_import",
        "module": "rich.progress",
        "name": "SpinnerColumn",
        "alias": null,
        "line": 46
      },
      {
        "type": "from_import",
        "module": "rich.progress",
        "name": "TextColumn",
        "alias": null,
        "line": 46
      },
      {
        "type": "from_import",
        "module": "rich.prompt",
        "name": "Prompt",
        "alias": null,
        "line": 47
      },
      {
        "type": "from_import",
        "module": "rich.prompt",
        "name": "Confirm",
        "alias": null,
        "line": 47
      },
      {
        "type": "from_import",
        "module": "rich.layout",
        "name": "Layout",
        "alias": null,
        "line": 48
      },
      {
        "type": "from_import",
        "module": "rich.align",
        "name": "Align",
        "alias": null,
        "line": 49
      },
      {
        "type": "from_import",
        "module": "rich.text",
        "name": "Text",
        "alias": null,
        "line": 50
      },
      {
        "type": "from_import",
        "module": "rich",
        "name": "box",
        "alias": null,
        "line": 51
      }
    ],
    "C:\\Users\\v_jac\\Desktop\\itc engine v5.0\\sistema\\data_logger.py": [
      {
        "type": "from_import",
        "module": "config",
        "name": "SAFE_DATA_DIR",
        "alias": null,
        "line": 18
      },
      {
        "type": "from_import",
        "module": "config",
        "name": "ZONA_HORARIA_LOCAL",
        "alias": null,
        "line": 18
      }
    ],
    "C:\\Users\\v_jac\\Desktop\\itc engine v5.0\\sistema\\data_logger_clean.py": [
      {
        "type": "from_import",
        "module": "config",
        "name": "SAFE_DATA_DIR",
        "alias": null,
        "line": 18
      },
      {
        "type": "from_import",
        "module": "config",
        "name": "ZONA_HORARIA_LOCAL",
        "alias": null,
        "line": 18
      }
    ],
    "C:\\Users\\v_jac\\Desktop\\itc engine v5.0\\sistema\\imports_interface.py": [
      {
        "type": "from_import",
        "module": "pathlib",
        "name": "Path",
        "alias": null,
        "line": 19
      },
      {
        "type": "from_import",
        "module": "typing",
        "name": "Dict",
        "alias": null,
        "line": 20
      },
      {
        "type": "from_import",
        "module": "typing",
        "name": "List",
        "alias": null,
        "line": 20
      },
      {
        "type": "from_import",
        "module": "typing",
        "name": "Optional",
        "alias": null,
        "line": 20
      },
      {
        "type": "from_import",
        "module": "typing",
        "name": "Any",
        "alias": null,
        "line": 20
      },
      {
        "type": "from_import",
        "module": "typing",
        "name": "Tuple",
        "alias": null,
        "line": 20
      },
      {
        "type": "from_import",
        "module": "typing",
        "name": "Union",
        "alias": null,
        "line": 20
      },
      {
        "type": "from_import",
        "module": "datetime",
        "name": "datetime",
        "alias": null,
        "line": 21
      },
      {
        "type": "from_import",
        "module": "datetime",
        "name": "timedelta",
        "alias": null,
        "line": 21
      },
      {
        "type": "from_import",
        "module": "datetime",
        "name": "timezone",
        "alias": null,
        "line": 21
      },
      {
        "type": "from_import",
        "module": "dataclasses",
        "name": "dataclass",
        "alias": null,
        "line": 26
      },
      {
        "type": "from_import",
        "module": "dataclasses",
        "name": "field",
        "alias": null,
        "line": 26
      },
      {
        "type": "from_import",
        "module": "dataclasses",
        "name": "asdict",
        "alias": null,
        "line": 26
      },
      {
        "type": "from_import",
        "module": "core.ict_engine.ict_engine",
        "name": "ICTEngine",
        "alias": null,
        "line": 40
      },
      {
        "type": "from_import",
        "module": "core.ict_engine.ict_engine",
        "name": "get_ict_engine",
        "alias": null,
        "line": 40
      },
      {
        "type": "from_import",
        "module": "core.ict_engine.ict_detector",
        "name": "ICTDetector",
        "alias": null,
        "line": 41
      },
      {
        "type": "from_import",
        "module": "core.ict_engine.ict_types",
        "name": "ICTPattern",
        "alias": null,
        "line": 42
      },
      {
        "type": "from_import",
        "module": "core.ict_engine.ict_types",
        "name": "TradingDirection",
        "alias": null,
        "line": 42
      },
      {
        "type": "from_import",
        "module": "core.ict_engine.ict_types",
        "name": "SessionType",
        "alias": null,
        "line": 42
      },
      {
        "type": "from_import",
        "module": "core.ict_engine.ict_types",
        "name": "PATTERN_EMOJIS",
        "alias": null,
        "line": 42
      },
      {
        "type": "from_import",
        "module": "core.ict_engine.confidence_engine",
        "name": "ConfidenceEngine",
        "alias": null,
        "line": 43
      },
      {
        "type": "from_import",
        "module": "core.ict_engine.confidence_engine",
        "name": "CONFIDENCE_CONFIG",
        "alias": null,
        "line": 43
      },
      {
        "type": "from_import",
        "module": "core.ict_engine.veredicto_engine_v4",
        "name": "VeredictoEngine",
        "alias": null,
        "line": 44
      },
      {
        "type": "from_import",
        "module": "core.ict_engine.pattern_analyzer",
        "name": "ICTPatternAnalyzer",
        "alias": null,
        "line": 45
      },
      {
        "type": "from_import",
        "module": "core.ict_engine.fractal_analyzer",
        "name": "FractalAnalyzer",
        "alias": null,
        "line": 46
      },
      {
        "type": "from_import",
        "module": "core.poi_system.poi_detector",
        "name": "POIDetector",
        "alias": null,
        "line": 56
      },
      {
        "type": "from_import",
        "module": "core.poi_system.poi_scoring_engine",
        "name": "POIScoringEngine",
        "alias": null,
        "line": 57
      },
      {
        "type": "from_import",
        "module": "core.poi_system.poi_system",
        "name": "POISystem",
        "alias": null,
        "line": 58
      },
      {
        "type": "from_import",
        "module": "dashboard.dashboard_definitivo",
        "name": "SentinelDashboardDefinitivo",
        "alias": "SentinelDashboard",
        "line": 68
      },
      {
        "type": "from_import",
        "module": "dashboard.dashboard_controller",
        "name": "DashboardController",
        "alias": null,
        "line": 69
      },
      {
        "type": "from_import",
        "module": "dashboard.hibernacion_perfecta",
        "name": "render_hibernacion_perfecta",
        "alias": null,
        "line": 70
      },
      {
        "type": "from_import",
        "module": "dashboard.hibernacion_perfecta",
        "name": "detectar_mt5_optimizado",
        "alias": null,
        "line": 70
      },
      {
        "type": "from_import",
        "module": "dashboard.ict_professional_widget",
        "name": "ICTProfessionalWidget",
        "alias": null,
        "line": 71
      },
      {
        "type": "from_import",
        "module": "sistema.logging_interface",
        "name": "enviar_senal_log",
        "alias": null,
        "line": 81
      },
      {
        "type": "from_import",
        "module": "sistema.config",
        "name": "SAFE_DATA_DIR",
        "alias": null,
        "line": 82
      },
      {
        "type": "from_import",
        "module": "sistema.config",
        "name": "ZONA_HORARIA_LOCAL",
        "alias": null,
        "line": 82
      },
      {
        "type": "from_import",
        "module": "sistema.market_status_detector_v3",
        "name": "MarketStatusDetector",
        "alias": null,
        "line": 83
      },
      {
        "type": "from_import",
        "module": "utils.mt5_data_manager",
        "name": "get_mt5_manager",
        "alias": null,
        "line": 149
      },
      {
        "type": "from_import",
        "module": "utils.mt5_data_manager",
        "name": "MT5DataManager",
        "alias": null,
        "line": 149
      },
      {
        "type": "from_import",
        "module": "utils.logging_utils",
        "name": "get_logger",
        "alias": null,
        "line": 150
      },
      {
        "type": "from_import",
        "module": "core.analysis_command_center",
        "name": "AnalysisOrchestrator",
        "alias": null,
        "line": 160
      },
      {
        "type": "from_import",
        "module": "core.analysis_command_center.tct_pipeline",
        "name": "TCTFormatter",
        "alias": null,
        "line": 161
      },
      {
        "type": "from_import",
        "module": "core.analysis_command_center.tct_pipeline",
        "name": "AggregatedTCTMetrics",
        "alias": null,
        "line": 161
      },
      {
        "type": "from_import",
        "module": "core.analysis_command_center.acc_flow_controller",
        "name": "AccFlowController",
        "alias": null,
        "line": 162
      },
      {
        "type": "from_import",
        "module": "core.analysis_command_center.acc_flow_controller",
        "name": "FlowPriority",
        "alias": null,
        "line": 162
      },
      {
        "type": "from_import",
        "module": "core.analytics.ict_analyzer",
        "name": "ICTAnalyzer",
        "alias": null,
        "line": 163
      },
      {
        "type": "from_import",
        "module": "core.data_management.advanced_candle_downloader",
        "name": "AdvancedCandleDownloader",
        "alias": null,
        "line": 173
      },
      {
        "type": "from_import",
        "module": "core.data_management.candle_coordinator",
        "name": "CandleCoordinator",
        "alias": null,
        "line": 174
      },
      {
        "type": "from_import",
        "module": "core.data_management.candle_coordinator",
        "name": "DownloadRequest",
        "alias": null,
        "line": 174
      },
      {
        "type": "from_import",
        "module": "core.data_management.candle_coordinator",
        "name": "DownloadStatus",
        "alias": null,
        "line": 174
      }
    ],
    "C:\\Users\\v_jac\\Desktop\\itc engine v5.0\\sistema\\market_status_detector.py": [
      {
        "type": "from_import",
        "module": "sistema.sic_clean",
        "name": "sys",
        "alias": null,
        "line": 41
      },
      {
        "type": "from_import",
        "module": "sistema.sic_clean",
        "name": "datetime",
        "alias": null,
        "line": 42
      },
      {
        "type": "from_import",
        "module": "sistema.sic_clean",
        "name": "timezone",
        "alias": null,
        "line": 42
      },
      {
        "type": "from_import",
        "module": "sistema.sic_clean",
        "name": "timedelta",
        "alias": null,
        "line": 42
      },
      {
        "type": "from_import",
        "module": "sistema.sic_clean",
        "name": "Dict",
        "alias": null,
        "line": 44
      },
      {
        "type": "from_import",
        "module": "sistema.sic_clean",
        "name": "Optional",
        "alias": null,
        "line": 44
      },
      {
        "type": "from_import",
        "module": "sistema.sic_clean",
        "name": "Any",
        "alias": null,
        "line": 44
      },
      {
        "type": "from_import",
        "module": "sistema.sic_clean",
        "name": "Tuple",
        "alias": null,
        "line": 44
      },
      {
        "type": "from_import",
        "module": "sistema.sic_clean",
        "name": "dataclass",
        "alias": null,
        "line": 45
      },
      {
        "type": "from_import",
        "module": "enum",
        "name": "Enum",
        "alias": null,
        "line": 46
      },
      {
        "type": "from_import",
        "module": "sistema.sic_clean",
        "name": "enviar_senal_log",
        "alias": null,
        "line": 50
      },
      {
        "type": "from_import",
        "module": "sistema.trading_schedule",
        "name": "TradingScheduleManager",
        "alias": null,
        "line": 56
      },
      {
        "type": "from_import",
        "module": "sistema.trading_schedule",
        "name": "get_current_session_info",
        "alias": null,
        "line": 56
      },
      {
        "type": "from_import",
        "module": "sistema.trading_schedule",
        "name": "calcular_tiempo_restante_para_proxima_sesion",
        "alias": null,
        "line": 56
      }
    ],
    "C:\\Users\\v_jac\\Desktop\\itc engine v5.0\\sistema\\market_status_detector_v3.py": [
      {
        "type": "from_import",
        "module": "enum",
        "name": "Enum",
        "alias": null,
        "line": 42
      },
      {
        "type": "from_import",
        "module": "sistema.trading_schedule",
        "name": "TradingScheduleManager",
        "alias": null,
        "line": 52
      },
      {
        "type": "from_import",
        "module": "sistema.trading_schedule",
        "name": "get_current_session_info",
        "alias": null,
        "line": 52
      },
      {
        "type": "from_import",
        "module": "sistema.trading_schedule",
        "name": "calcular_tiempo_restante_para_proxima_sesion",
        "alias": null,
        "line": 52
      }
    ],
    "C:\\Users\\v_jac\\Desktop\\itc engine v5.0\\sistema\\sic_v3_limpio.py": [
      {
        "type": "from_import",
        "module": "pathlib",
        "name": "Path",
        "alias": null,
        "line": 27
      },
      {
        "type": "from_import",
        "module": "typing",
        "name": "Dict",
        "alias": null,
        "line": 31
      },
      {
        "type": "from_import",
        "module": "typing",
        "name": "List",
        "alias": null,
        "line": 31
      },
      {
        "type": "from_import",
        "module": "typing",
        "name": "Optional",
        "alias": null,
        "line": 31
      },
      {
        "type": "from_import",
        "module": "typing",
        "name": "Any",
        "alias": null,
        "line": 31
      },
      {
        "type": "from_import",
        "module": "typing",
        "name": "Tuple",
        "alias": null,
        "line": 31
      },
      {
        "type": "from_import",
        "module": "typing",
        "name": "Union",
        "alias": null,
        "line": 31
      },
      {
        "type": "from_import",
        "module": "typing",
        "name": "TYPE_CHECKING",
        "alias": null,
        "line": 31
      },
      {
        "type": "from_import",
        "module": "typing",
        "name": "Callable",
        "alias": null,
        "line": 31
      },
      {
        "type": "from_import",
        "module": "typing",
        "name": "Set",
        "alias": null,
        "line": 31
      },
      {
        "type": "from_import",
        "module": "datetime",
        "name": "datetime",
        "alias": null,
        "line": 47
      },
      {
        "type": "from_import",
        "module": "datetime",
        "name": "timedelta",
        "alias": null,
        "line": 47
      },
      {
        "type": "from_import",
        "module": "datetime",
        "name": "timezone",
        "alias": null,
        "line": 47
      },
      {
        "type": "from_import",
        "module": "datetime",
        "name": "time",
        "alias": null,
        "line": 47
      },
      {
        "type": "from_import",
        "module": "dataclasses",
        "name": "dataclass",
        "alias": null,
        "line": 59
      },
      {
        "type": "from_import",
        "module": "dataclasses",
        "name": "field",
        "alias": null,
        "line": 59
      },
      {
        "type": "from_import",
        "module": "dataclasses",
        "name": "asdict",
        "alias": null,
        "line": 59
      },
      {
        "type": "from_import",
        "module": "collections",
        "name": "defaultdict",
        "alias": null,
        "line": 72
      },
      {
        "type": "from_import",
        "module": "collections",
        "name": "Counter",
        "alias": null,
        "line": 72
      },
      {
        "type": "from_import",
        "module": "collections",
        "name": "deque",
        "alias": null,
        "line": 72
      }
    ],
    "C:\\Users\\v_jac\\Desktop\\itc engine v5.0\\sistema\\smart_directory_logger.py": [
      {
        "type": "from_import",
        "module": "pathlib",
        "name": "Path",
        "alias": null,
        "line": 41
      },
      {
        "type": "from_import",
        "module": "typing",
        "name": "Dict",
        "alias": null,
        "line": 42
      },
      {
        "type": "from_import",
        "module": "typing",
        "name": "Any",
        "alias": null,
        "line": 42
      },
      {
        "type": "from_import",
        "module": "typing",
        "name": "Optional",
        "alias": null,
        "line": 42
      },
      {
        "type": "from_import",
        "module": "typing",
        "name": "List",
        "alias": null,
        "line": 42
      },
      {
        "type": "from_import",
        "module": "logging.handlers",
        "name": "RotatingFileHandler",
        "alias": null,
        "line": 43
      }
    ],
    "C:\\Users\\v_jac\\Desktop\\itc engine v5.0\\sistema\\system_monitor.py": [
      {
        "type": "from_import",
        "module": "sistema.sic_clean",
        "name": "time",
        "alias": null,
        "line": 27
      },
      {
        "type": "from_import",
        "module": "sistema.sic_clean",
        "name": "datetime",
        "alias": null,
        "line": 30
      },
      {
        "type": "from_import",
        "module": "sistema.sic_clean",
        "name": "timedelta",
        "alias": null,
        "line": 30
      },
      {
        "type": "from_import",
        "module": "sistema.sic_clean",
        "name": "Dict",
        "alias": null,
        "line": 31
      },
      {
        "type": "from_import",
        "module": "sistema.sic_clean",
        "name": "List",
        "alias": null,
        "line": 31
      },
      {
        "type": "from_import",
        "module": "sistema.sic_clean",
        "name": "Any",
        "alias": null,
        "line": 31
      },
      {
        "type": "from_import",
        "module": "sistema.sic_clean",
        "name": "Optional",
        "alias": null,
        "line": 31
      },
      {
        "type": "from_import",
        "module": "sistema.sic_clean",
        "name": "dataclass",
        "alias": null,
        "line": 32
      },
      {
        "type": "from_import",
        "module": "enum",
        "name": "Enum",
        "alias": null,
        "line": 33
      },
      {
        "type": "from_import",
        "module": "sistema.sic_clean",
        "name": "json",
        "alias": null,
        "line": 34
      },
      {
        "type": "from_import",
        "module": "sistema.sic_clean",
        "name": "Path",
        "alias": null,
        "line": 35
      },
      {
        "type": "from_import",
        "module": "sistema.sic_clean",
        "name": "enviar_senal_log",
        "alias": null,
        "line": 38
      }
    ],
    "C:\\Users\\v_jac\\Desktop\\itc engine v5.0\\sistema\\trading_schedule.py": [
      {
        "type": "from_import",
        "module": "enum",
        "name": "Enum",
        "alias": null,
        "line": 23
      }
    ]
  },
  "sic_imports_by_file": {
    "C:\\Users\\v_jac\\Desktop\\itc engine v5.0\\dashboard\\dashboard_definitivo.py": [
      {
        "type": "from_import",
        "module": "sistema.sic",
        "name": "enviar_senal_log",
        "alias": null,
        "line": 46
      },
      {
        "type": "from_import",
        "module": "sistema.sic",
        "name": "log_info",
        "alias": null,
        "line": 46
      },
      {
        "type": "from_import",
        "module": "sistema.sic",
        "name": "log_warning",
        "alias": null,
        "line": 46
      },
      {
        "type": "from_import",
        "module": "sistema.sic",
        "name": "datetime",
        "alias": null,
        "line": 102
      },
      {
        "type": "from_import",
        "module": "sistema.sic",
        "name": "timezone",
        "alias": null,
        "line": 102
      },
      {
        "type": "from_import",
        "module": "sistema.sic",
        "name": "Dict",
        "alias": null,
        "line": 103
      },
      {
        "type": "from_import",
        "module": "sistema.sic",
        "name": "Any",
        "alias": null,
        "line": 103
      },
      {
        "type": "from_import",
        "module": "sistema.sic",
        "name": "Optional",
        "alias": null,
        "line": 103
      },
      {
        "type": "from_import",
        "module": "sistema.sic",
        "name": "List",
        "alias": null,
        "line": 103
      },
      {
        "type": "from_import",
        "module": "sistema.sic",
        "name": "Tuple",
        "alias": null,
        "line": 103
      },
      {
        "type": "from_import",
        "module": "sistema.sic",
        "name": "Union",
        "alias": null,
        "line": 103
      },
      {
        "type": "from_import",
        "module": "sistema.sic",
        "name": "json",
        "alias": null,
        "line": 106
      },
      {
        "type": "from_import",
        "module": "sistema.sic",
        "name": "ImportsCentral",
        "alias": null,
        "line": 138
      },
      {
        "type": "from_import",
        "module": "sistema.sic",
        "name": "get_dashboard",
        "alias": null,
        "line": 138
      },
      {
        "type": "from_import",
        "module": "sistema.sic",
        "name": "get_logging",
        "alias": null,
        "line": 138
      },
      {
        "type": "from_import",
        "module": "sistema.sic",
        "name": "get_mt5_manager",
        "alias": null,
        "line": 138
      },
      {
        "type": "from_import",
        "module": "sistema.sic",
        "name": "get_ict_components",
        "alias": null,
        "line": 138
      },
      {
        "type": "from_import",
        "module": "sistema.sic",
        "name": "get_system_status",
        "alias": null,
        "line": 138
      },
      {
        "type": "from_import",
        "module": "sistema.sic",
        "name": "enviar_senal_log",
        "alias": null,
        "line": 46
      },
      {
        "type": "from_import",
        "module": "sistema.sic",
        "name": "log_info",
        "alias": null,
        "line": 46
      },
      {
        "type": "from_import",
        "module": "sistema.sic",
        "name": "log_warning",
        "alias": null,
        "line": 46
      },
      {
        "type": "from_import",
        "module": "sistema.sic",
        "name": "datetime",
        "alias": null,
        "line": 102
      },
      {
        "type": "from_import",
        "module": "sistema.sic",
        "name": "timezone",
        "alias": null,
        "line": 102
      },
      {
        "type": "from_import",
        "module": "sistema.sic",
        "name": "Dict",
        "alias": null,
        "line": 103
      },
      {
        "type": "from_import",
        "module": "sistema.sic",
        "name": "Any",
        "alias": null,
        "line": 103
      },
      {
        "type": "from_import",
        "module": "sistema.sic",
        "name": "Optional",
        "alias": null,
        "line": 103
      },
      {
        "type": "from_import",
        "module": "sistema.sic",
        "name": "List",
        "alias": null,
        "line": 103
      },
      {
        "type": "from_import",
        "module": "sistema.sic",
        "name": "Tuple",
        "alias": null,
        "line": 103
      },
      {
        "type": "from_import",
        "module": "sistema.sic",
        "name": "Union",
        "alias": null,
        "line": 103
      },
      {
        "type": "from_import",
        "module": "sistema.sic",
        "name": "json",
        "alias": null,
        "line": 106
      },
      {
        "type": "from_import",
        "module": "sistema.sic",
        "name": "ImportsCentral",
        "alias": null,
        "line": 138
      },
      {
        "type": "from_import",
        "module": "sistema.sic",
        "name": "get_dashboard",
        "alias": null,
        "line": 138
      },
      {
        "type": "from_import",
        "module": "sistema.sic",
        "name": "get_logging",
        "alias": null,
        "line": 138
      },
      {
        "type": "from_import",
        "module": "sistema.sic",
        "name": "get_mt5_manager",
        "alias": null,
        "line": 138
      },
      {
        "type": "from_import",
        "module": "sistema.sic",
        "name": "get_ict_components",
        "alias": null,
        "line": 138
      },
      {
        "type": "from_import",
        "module": "sistema.sic",
        "name": "get_system_status",
        "alias": null,
        "line": 138
      }
    ],
    "C:\\Users\\v_jac\\Desktop\\itc engine v5.0\\dashboard\\candle_downloader_widget.py": [
      {
        "type": "from_import",
        "module": "sistema.sic",
        "name": "datetime",
        "alias": null,
        "line": 24
      },
      {
        "type": "from_import",
        "module": "sistema.sic",
        "name": "Dict",
        "alias": null,
        "line": 25
      },
      {
        "type": "from_import",
        "module": "sistema.sic",
        "name": "List",
        "alias": null,
        "line": 25
      },
      {
        "type": "from_import",
        "module": "sistema.sic",
        "name": "Optional",
        "alias": null,
        "line": 25
      },
      {
        "type": "from_import",
        "module": "sistema.sic",
        "name": "enviar_senal_log",
        "alias": null,
        "line": 38
      }
    ],
    "C:\\Users\\v_jac\\Desktop\\itc engine v5.0\\dashboard\\dashboard_controller.py": [
      {
        "type": "from_import",
        "module": "sistema.sic",
        "name": "datetime",
        "alias": null,
        "line": 18
      },
      {
        "type": "from_import",
        "module": "sistema.sic",
        "name": "timedelta",
        "alias": null,
        "line": 18
      },
      {
        "type": "from_import",
        "module": "sistema.sic",
        "name": "dataclass",
        "alias": null,
        "line": 19
      },
      {
        "type": "from_import",
        "module": "sistema.sic",
        "name": "asdict",
        "alias": null,
        "line": 19
      },
      {
        "type": "from_import",
        "module": "sistema.sic",
        "name": "field",
        "alias": null,
        "line": 19
      },
      {
        "type": "from_import",
        "module": "sistema.sic",
        "name": "Dict",
        "alias": null,
        "line": 21
      },
      {
        "type": "from_import",
        "module": "sistema.sic",
        "name": "Any",
        "alias": null,
        "line": 21
      },
      {
        "type": "from_import",
        "module": "sistema.sic",
        "name": "Optional",
        "alias": null,
        "line": 21
      },
      {
        "type": "from_import",
        "module": "sistema.sic",
        "name": "Callable",
        "alias": null,
        "line": 21
      },
      {
        "type": "from_import",
        "module": "sistema.sic",
        "name": "List",
        "alias": null,
        "line": 21
      },
      {
        "type": "from_import",
        "module": "sistema.sic",
        "name": "time",
        "alias": null,
        "line": 22
      },
      {
        "type": "from_import",
        "module": "sistema.sic",
        "name": "enviar_senal_log",
        "alias": null,
        "line": 25
      }
    ],
    "C:\\Users\\v_jac\\Desktop\\itc engine v5.0\\dashboard\\dashboard_problems_patch.py": [
      {
        "type": "from_import",
        "module": "sistema.sic",
        "name": "enviar_senal_log",
        "alias": null,
        "line": 27
      },
      {
        "type": "from_import",
        "module": "sistema.sic",
        "name": "log_info",
        "alias": null,
        "line": 27
      },
      {
        "type": "from_import",
        "module": "sistema.sic",
        "name": "log_warning",
        "alias": null,
        "line": 27
      },
      {
        "type": "from_import",
        "module": "sistema.sic",
        "name": "os",
        "alias": null,
        "line": 29
      },
      {
        "type": "from_import",
        "module": "sistema.sic",
        "name": "sys",
        "alias": null,
        "line": 30
      },
      {
        "type": "from_import",
        "module": "sistema.sic",
        "name": "re",
        "alias": null,
        "line": 31
      },
      {
        "type": "from_import",
        "module": "sistema.sic",
        "name": "Path",
        "alias": null,
        "line": 33
      },
      {
        "type": "from_import",
        "module": "sistema.sic",
        "name": "datetime",
        "alias": null,
        "line": 34
      },
      {
        "type": "from_import",
        "module": "sistema.sic",
        "name": "Optional",
        "alias": null,
        "line": 35
      },
      {
        "type": "from_import",
        "module": "sistema.sic",
        "name": "Tuple",
        "alias": null,
        "line": 35
      },
      {
        "type": "from_import",
        "module": "sistema.sic",
        "name": "List",
        "alias": null,
        "line": 35
      },
      {
        "type": "from_import",
        "module": "sistema.sic",
        "name": "Dict",
        "alias": null,
        "line": 35
      },
      {
        "type": "from_import",
        "module": "sistema.sic",
        "name": "Any",
        "alias": null,
        "line": 35
      }
    ],
    "C:\\Users\\v_jac\\Desktop\\itc engine v5.0\\dashboard\\dashboard_widgets.py": [
      {
        "type": "from_import",
        "module": "sistema.sic",
        "name": "logger",
        "alias": null,
        "line": 3
      }
    ],
    "C:\\Users\\v_jac\\Desktop\\itc engine v5.0\\dashboard\\hibernacion_perfecta.py": [
      {
        "type": "from_import",
        "module": "sistema.sic",
        "name": "datetime",
        "alias": null,
        "line": 25
      },
      {
        "type": "from_import",
        "module": "sistema.sic",
        "name": "Tuple",
        "alias": null,
        "line": 26
      },
      {
        "type": "from_import",
        "module": "sistema.sic",
        "name": "Optional",
        "alias": null,
        "line": 26
      },
      {
        "type": "from_import",
        "module": "sistema.sic",
        "name": "Any",
        "alias": null,
        "line": 26
      },
      {
        "type": "from_import",
        "module": "sistema.sic",
        "name": "sys",
        "alias": null,
        "line": 36
      },
      {
        "type": "from_import",
        "module": "sistema.sic",
        "name": "os",
        "alias": null,
        "line": 37
      }
    ],
    "C:\\Users\\v_jac\\Desktop\\itc engine v5.0\\dashboard\\hibernation_widget_v2.py": [
      {
        "type": "from_import",
        "module": "sistema.sic",
        "name": "Dict",
        "alias": null,
        "line": 2
      },
      {
        "type": "from_import",
        "module": "sistema.sic",
        "name": "Optional",
        "alias": null,
        "line": 2
      },
      {
        "type": "from_import",
        "module": "sistema.sic",
        "name": "Union",
        "alias": null,
        "line": 2
      },
      {
        "type": "from_import",
        "module": "sistema.sic",
        "name": "Tuple",
        "alias": null,
        "line": 2
      },
      {
        "type": "from_import",
        "module": "sistema.sic",
        "name": "Any",
        "alias": null,
        "line": 2
      },
      {
        "type": "from_import",
        "module": "sistema.sic",
        "name": "datetime",
        "alias": null,
        "line": 2
      },
      {
        "type": "from_import",
        "module": "sistema.sic",
        "name": "List",
        "alias": null,
        "line": 2
      },
      {
        "type": "from_import",
        "module": "sistema.sic",
        "name": "timezone",
        "alias": null,
        "line": 2
      },
      {
        "type": "from_import",
        "module": "sistema.sic",
        "name": "timedelta",
        "alias": null,
        "line": 2
      },
      {
        "type": "from_import",
        "module": "sistema.sic",
        "name": "get_dashboard_controller",
        "alias": null,
        "line": 3
      },
      {
        "type": "from_import",
        "module": "sistema.sic",
        "name": "enviar_senal_log",
        "alias": null,
        "line": 3
      },
      {
        "type": "from_import",
        "module": "sistema.sic",
        "name": "get_mt5_manager",
        "alias": null,
        "line": 3
      },
      {
        "type": "from_import",
        "module": "sistema.sic",
        "name": "log_info",
        "alias": null,
        "line": 3
      },
      {
        "type": "from_import",
        "module": "sistema.sic",
        "name": "get_logging",
        "alias": null,
        "line": 3
      },
      {
        "type": "from_import",
        "module": "sistema.sic",
        "name": "log_error",
        "alias": null,
        "line": 3
      },
      {
        "type": "from_import",
        "module": "sistema.sic",
        "name": "time",
        "alias": null,
        "line": 4
      },
      {
        "type": "from_import",
        "module": "sistema.sic",
        "name": "enviar_senal_log",
        "alias": null,
        "line": 24
      },
      {
        "type": "from_import",
        "module": "sistema.sic",
        "name": "get_dashboard_controller",
        "alias": null,
        "line": 26
      },
      {
        "type": "from_import",
        "module": "sistema.sic",
        "name": "datetime",
        "alias": null,
        "line": 30
      },
      {
        "type": "from_import",
        "module": "sistema.sic",
        "name": "timedelta",
        "alias": null,
        "line": 30
      },
      {
        "type": "from_import",
        "module": "sistema.sic",
        "name": "Dict",
        "alias": null,
        "line": 31
      },
      {
        "type": "from_import",
        "module": "sistema.sic",
        "name": "List",
        "alias": null,
        "line": 31
      },
      {
        "type": "from_import",
        "module": "sistema.sic",
        "name": "Tuple",
        "alias": null,
        "line": 31
      },
      {
        "type": "from_import",
        "module": "sistema.sic",
        "name": "Optional",
        "alias": null,
        "line": 31
      },
      {
        "type": "from_import",
        "module": "sistema.sic",
        "name": "Any",
        "alias": null,
        "line": 31
      },
      {
        "type": "from_import",
        "module": "sistema.sic",
        "name": "time",
        "alias": null,
        "line": 32
      }
    ],
    "C:\\Users\\v_jac\\Desktop\\itc engine v5.0\\dashboard\\ict_professional_widget.py": [
      {
        "type": "from_import",
        "module": "sistema.sic",
        "name": "enviar_senal_log",
        "alias": null,
        "line": 18
      },
      {
        "type": "from_import",
        "module": "sistema.sic",
        "name": "log_info",
        "alias": null,
        "line": 18
      },
      {
        "type": "from_import",
        "module": "sistema.sic",
        "name": "log_warning",
        "alias": null,
        "line": 18
      },
      {
        "type": "from_import",
        "module": "sistema.sic",
        "name": "enviar_senal_log",
        "alias": null,
        "line": 23
      },
      {
        "type": "from_import",
        "module": "sistema.sic",
        "name": "detectar_todos_los_pois",
        "alias": null,
        "line": 26
      },
      {
        "type": "from_import",
        "module": "sistema.sic",
        "name": "encontrar_pois_multiples_para_dashboard",
        "alias": null,
        "line": 26
      },
      {
        "type": "from_import",
        "module": "sistema.sic",
        "name": "POIDetector",
        "alias": null,
        "line": 26
      },
      {
        "type": "from_import",
        "module": "sistema.sic",
        "name": "POI_TYPES",
        "alias": null,
        "line": 26
      },
      {
        "type": "from_import",
        "module": "sistema.sic",
        "name": "datetime",
        "alias": null,
        "line": 37
      },
      {
        "type": "from_import",
        "module": "sistema.sic",
        "name": "Dict",
        "alias": null,
        "line": 39
      },
      {
        "type": "from_import",
        "module": "sistema.sic",
        "name": "List",
        "alias": null,
        "line": 39
      },
      {
        "type": "from_import",
        "module": "sistema.sic",
        "name": "Optional",
        "alias": null,
        "line": 39
      }
    ],
    "C:\\Users\\v_jac\\Desktop\\itc engine v5.0\\dashboard\\problems_tab_renderer.py": [
      {
        "type": "from_import",
        "module": "sistema.sic",
        "name": "enviar_senal_log",
        "alias": null,
        "line": 28
      },
      {
        "type": "from_import",
        "module": "sistema.sic",
        "name": "log_info",
        "alias": null,
        "line": 28
      },
      {
        "type": "from_import",
        "module": "sistema.sic",
        "name": "log_warning",
        "alias": null,
        "line": 28
      },
      {
        "type": "from_import",
        "module": "sistema.sic",
        "name": "json",
        "alias": null,
        "line": 30
      },
      {
        "type": "from_import",
        "module": "sistema.sic",
        "name": "os",
        "alias": null,
        "line": 31
      },
      {
        "type": "from_import",
        "module": "sistema.sic",
        "name": "sys",
        "alias": null,
        "line": 32
      },
      {
        "type": "from_import",
        "module": "sistema.sic",
        "name": "Path",
        "alias": null,
        "line": 33
      },
      {
        "type": "from_import",
        "module": "sistema.sic",
        "name": "Dict",
        "alias": null,
        "line": 34
      },
      {
        "type": "from_import",
        "module": "sistema.sic",
        "name": "List",
        "alias": null,
        "line": 34
      },
      {
        "type": "from_import",
        "module": "sistema.sic",
        "name": "Any",
        "alias": null,
        "line": 34
      },
      {
        "type": "from_import",
        "module": "sistema.sic",
        "name": "Optional",
        "alias": null,
        "line": 34
      },
      {
        "type": "from_import",
        "module": "sistema.sic",
        "name": "Tuple",
        "alias": null,
        "line": 34
      },
      {
        "type": "from_import",
        "module": "sistema.sic",
        "name": "datetime",
        "alias": null,
        "line": 35
      }
    ],
    "C:\\Users\\v_jac\\Desktop\\itc engine v5.0\\sistema\\config.py": [
      {
        "type": "from_import",
        "module": "sistema.sic",
        "name": "enviar_senal_log",
        "alias": null,
        "line": 33
      },
      {
        "type": "from_import",
        "module": "sistema.sic",
        "name": "os",
        "alias": null,
        "line": 35
      },
      {
        "type": "from_import",
        "module": "sistema.sic",
        "name": "datetime",
        "alias": null,
        "line": 36
      }
    ],
    "C:\\Users\\v_jac\\Desktop\\itc engine v5.0\\sistema\\data_logger.py": [
      {
        "type": "from_import",
        "module": "sistema.sic",
        "name": "os",
        "alias": null,
        "line": 6
      },
      {
        "type": "from_import",
        "module": "sistema.sic",
        "name": "sys",
        "alias": null,
        "line": 7
      },
      {
        "type": "from_import",
        "module": "sistema.sic",
        "name": "Path",
        "alias": null,
        "line": 11
      },
      {
        "type": "from_import",
        "module": "sistema.sic",
        "name": "datetime",
        "alias": null,
        "line": 12
      },
      {
        "type": "from_import",
        "module": "sistema.sic",
        "name": "List",
        "alias": null,
        "line": 13
      },
      {
        "type": "from_import",
        "module": "sistema.sic",
        "name": "Optional",
        "alias": null,
        "line": 13
      },
      {
        "type": "from_import",
        "module": "sistema.sic",
        "name": "Dict",
        "alias": null,
        "line": 13
      },
      {
        "type": "from_import",
        "module": "sistema.sic",
        "name": "Any",
        "alias": null,
        "line": 13
      },
      {
        "type": "from_import",
        "module": "sistema.sic",
        "name": "enviar_senal_log",
        "alias": null,
        "line": 17
      }
    ],
    "C:\\Users\\v_jac\\Desktop\\itc engine v5.0\\sistema\\data_logger_clean.py": [
      {
        "type": "from_import",
        "module": "sistema.sic",
        "name": "os",
        "alias": null,
        "line": 6
      },
      {
        "type": "from_import",
        "module": "sistema.sic",
        "name": "sys",
        "alias": null,
        "line": 7
      },
      {
        "type": "from_import",
        "module": "sistema.sic",
        "name": "Path",
        "alias": null,
        "line": 11
      },
      {
        "type": "from_import",
        "module": "sistema.sic",
        "name": "datetime",
        "alias": null,
        "line": 12
      },
      {
        "type": "from_import",
        "module": "sistema.sic",
        "name": "List",
        "alias": null,
        "line": 13
      },
      {
        "type": "from_import",
        "module": "sistema.sic",
        "name": "Optional",
        "alias": null,
        "line": 13
      },
      {
        "type": "from_import",
        "module": "sistema.sic",
        "name": "Dict",
        "alias": null,
        "line": 13
      },
      {
        "type": "from_import",
        "module": "sistema.sic",
        "name": "Any",
        "alias": null,
        "line": 13
      },
      {
        "type": "from_import",
        "module": "sistema.sic",
        "name": "enviar_senal_log",
        "alias": null,
        "line": 17
      }
    ],
    "C:\\Users\\v_jac\\Desktop\\itc engine v5.0\\sistema\\logging_interface_simple.py": [
      {
        "type": "from_import",
        "module": "sistema.sic",
        "name": "enviar_senal_log",
        "alias": null,
        "line": 13
      },
      {
        "type": "from_import",
        "module": "sistema.sic",
        "name": "log_info",
        "alias": null,
        "line": 13
      },
      {
        "type": "from_import",
        "module": "sistema.sic",
        "name": "log_warning",
        "alias": null,
        "line": 13
      },
      {
        "type": "from_import",
        "module": "sistema.sic",
        "name": "json",
        "alias": null,
        "line": 17
      },
      {
        "type": "from_import",
        "module": "sistema.sic",
        "name": "datetime",
        "alias": null,
        "line": 18
      },
      {
        "type": "from_import",
        "module": "sistema.sic",
        "name": "Path",
        "alias": null,
        "line": 19
      },
      {
        "type": "from_import",
        "module": "sistema.sic",
        "name": "Dict",
        "alias": null,
        "line": 20
      },
      {
        "type": "from_import",
        "module": "sistema.sic",
        "name": "Optional",
        "alias": null,
        "line": 20
      },
      {
        "type": "from_import",
        "module": "sistema.sic",
        "name": "Any",
        "alias": null,
        "line": 20
      }
    ],
    "C:\\Users\\v_jac\\Desktop\\itc engine v5.0\\sistema\\market_status_detector.py": [
      {
        "type": "from_import",
        "module": "sistema.sic",
        "name": "enviar_senal_log",
        "alias": null,
        "line": 38
      },
      {
        "type": "from_import",
        "module": "sistema.sic",
        "name": "log_info",
        "alias": null,
        "line": 38
      },
      {
        "type": "from_import",
        "module": "sistema.sic",
        "name": "log_warning",
        "alias": null,
        "line": 38
      }
    ],
    "C:\\Users\\v_jac\\Desktop\\itc engine v5.0\\sistema\\market_status_detector_v3.py": [
      {
        "type": "from_import",
        "module": "sistema.sic",
        "name": "sys",
        "alias": null,
        "line": 37
      },
      {
        "type": "from_import",
        "module": "sistema.sic",
        "name": "datetime",
        "alias": null,
        "line": 38
      },
      {
        "type": "from_import",
        "module": "sistema.sic",
        "name": "timezone",
        "alias": null,
        "line": 38
      },
      {
        "type": "from_import",
        "module": "sistema.sic",
        "name": "timedelta",
        "alias": null,
        "line": 38
      },
      {
        "type": "from_import",
        "module": "sistema.sic",
        "name": "Dict",
        "alias": null,
        "line": 40
      },
      {
        "type": "from_import",
        "module": "sistema.sic",
        "name": "Optional",
        "alias": null,
        "line": 40
      },
      {
        "type": "from_import",
        "module": "sistema.sic",
        "name": "Any",
        "alias": null,
        "line": 40
      },
      {
        "type": "from_import",
        "module": "sistema.sic",
        "name": "Tuple",
        "alias": null,
        "line": 40
      },
      {
        "type": "from_import",
        "module": "sistema.sic",
        "name": "dataclass",
        "alias": null,
        "line": 41
      },
      {
        "type": "from_import",
        "module": "sistema.sic",
        "name": "enviar_senal_log",
        "alias": null,
        "line": 46
      }
    ],
    "C:\\Users\\v_jac\\Desktop\\itc engine v5.0\\sistema\\system_monitor.py": [
      {
        "type": "from_import",
        "module": "sistema.sic",
        "name": "enviar_senal_log",
        "alias": null,
        "line": 21
      },
      {
        "type": "from_import",
        "module": "sistema.sic",
        "name": "log_info",
        "alias": null,
        "line": 21
      },
      {
        "type": "from_import",
        "module": "sistema.sic",
        "name": "log_warning",
        "alias": null,
        "line": 21
      },
      {
        "type": "from_import",
        "module": "sistema.sic",
        "name": "enviar_senal_log",
        "alias": null,
        "line": 24
      },
      {
        "type": "from_import",
        "module": "sistema.sic",
        "name": "log_info",
        "alias": null,
        "line": 24
      },
      {
        "type": "from_import",
        "module": "sistema.sic",
        "name": "log_warning",
        "alias": null,
        "line": 24
      }
    ],
    "C:\\Users\\v_jac\\Desktop\\itc engine v5.0\\sistema\\trading_schedule.py": [
      {
        "type": "from_import",
        "module": "sistema.sic",
        "name": "Dict",
        "alias": null,
        "line": 21
      },
      {
        "type": "from_import",
        "module": "sistema.sic",
        "name": "Optional",
        "alias": null,
        "line": 21
      },
      {
        "type": "from_import",
        "module": "sistema.sic",
        "name": "Tuple",
        "alias": null,
        "line": 21
      },
      {
        "type": "from_import",
        "module": "sistema.sic",
        "name": "Any",
        "alias": null,
        "line": 21
      },
      {
        "type": "from_import",
        "module": "sistema.sic",
        "name": "datetime",
        "alias": null,
        "line": 22
      },
      {
        "type": "from_import",
        "module": "sistema.sic",
        "name": "timezone",
        "alias": null,
        "line": 22
      },
      {
        "type": "from_import",
        "module": "sistema.sic",
        "name": "timedelta",
        "alias": null,
        "line": 22
      },
      {
        "type": "from_import",
        "module": "sistema.sic",
        "name": "time",
        "alias": null,
        "line": 24
      },
      {
        "type": "from_import",
        "module": "sistema.sic",
        "name": "enviar_senal_log",
        "alias": null,
        "line": 28
      }
    ]
  },
  "summary": {
    "total_files": 22,
    "files_with_reimports": 17,
    "files_with_direct_imports": 18,
    "total_missing_exports": 84
  }
}