{
  "timestamp": "2025-08-06T16:25:12.315294",
  "sic_status": {
    "version": "v3.0",
    "timestamp": "2025-08-06T16:25:12.315332",
    "logging_available": true,
    "ict_engine_available": false,
    "poi_system_available": false,
    "dashboard_available": false,
    "utils_available": true,
    "config_available": true,
    "total_exports": 50,
    "status": "functional"
  },
  "fases": {
    "PRIORIDAD_1": {
      "directorios": {
        "core/ict_engine/": {
          "directorio": "core/ict_engine/",
          "archivos_procesados": 12,
          "archivos_migrados": 0,
          "cambios_totales": 0,
          "errores": [],
          "archivos_detalle": [
            {
              "archivo": "C:\\Users\\v_jac\\Desktop\\itc engine v5.0\\core\\ict_engine\\confidence_calibrator.py",
              "migrado": false,
              "cambios": 0,
              "backup_creado": true,
              "errores": []
            },
            {
              "archivo": "C:\\Users\\v_jac\\Desktop\\itc engine v5.0\\core\\ict_engine\\confidence_engine.py",
              "migrado": false,
              "cambios": 0,
              "backup_creado": true,
              "errores": []
            },
            {
              "archivo": "C:\\Users\\v_jac\\Desktop\\itc engine v5.0\\core\\ict_engine\\fractal_analyzer.py",
              "migrado": false,
              "cambios": 0,
              "backup_creado": true,
              "errores": []
            },
            {
              "archivo": "C:\\Users\\v_jac\\Desktop\\itc engine v5.0\\core\\ict_engine\\ict_detector.py",
              "migrado": false,
              "cambios": 0,
              "backup_creado": true,
              "errores": []
            },
            {
              "archivo": "C:\\Users\\v_jac\\Desktop\\itc engine v5.0\\core\\ict_engine\\ict_engine.py",
              "migrado": false,
              "cambios": 0,
              "backup_creado": true,
              "errores": []
            },
            {
              "archivo": "C:\\Users\\v_jac\\Desktop\\itc engine v5.0\\core\\ict_engine\\ict_historical_analyzer.py",
              "migrado": false,
              "cambios": 0,
              "backup_creado": true,
              "errores": []
            },
            {
              "archivo": "C:\\Users\\v_jac\\Desktop\\itc engine v5.0\\core\\ict_engine\\ict_types.py",
              "migrado": false,
              "cambios": 0,
              "backup_creado": true,
              "errores": []
            },
            {
              "archivo": "C:\\Users\\v_jac\\Desktop\\itc engine v5.0\\core\\ict_engine\\pattern_analyzer.py",
              "migrado": false,
              "cambios": 0,
              "backup_creado": true,
              "errores": []
            },
            {
              "archivo": "C:\\Users\\v_jac\\Desktop\\itc engine v5.0\\core\\ict_engine\\veredicto_engine_v4.py",
              "migrado": false,
              "cambios": 0,
              "backup_creado": true,
              "errores": []
            },
            {
              "archivo": "C:\\Users\\v_jac\\Desktop\\itc engine v5.0\\core\\ict_engine\\advanced_patterns\\judas_swing_v2.py",
              "migrado": false,
              "cambios": 0,
              "backup_creado": true,
              "errores": []
            },
            {
              "archivo": "C:\\Users\\v_jac\\Desktop\\itc engine v5.0\\core\\ict_engine\\advanced_patterns\\market_structure_v2.py",
              "migrado": false,
              "cambios": 0,
              "backup_creado": true,
              "errores": []
            },
            {
              "archivo": "C:\\Users\\v_jac\\Desktop\\itc engine v5.0\\core\\ict_engine\\advanced_patterns\\silver_bullet_v2.py",
              "migrado": false,
              "cambios": 0,
              "backup_creado": true,
              "errores": []
            }
          ]
        },
        "core/analytics/": {
          "directorio": "core/analytics/",
          "archivos_procesados": 1,
          "archivos_migrados": 1,
          "cambios_totales": 4,
          "errores": [],
          "archivos_detalle": [
            {
              "archivo": "C:\\Users\\v_jac\\Desktop\\itc engine v5.0\\core\\analytics\\ict_analyzer.py",
              "migrado": true,
              "cambios": 4,
              "backup_creado": true,
              "errores": []
            }
          ]
        }
      },
      "archivos_procesados": 13,
      "archivos_migrados": 1,
      "cambios_totales": 4
    },
    "PRIORIDAD_2": {
      "directorios": {
        "core/data_management/": {
          "directorio": "core/data_management/",
          "archivos_procesados": 2,
          "archivos_migrados": 1,
          "cambios_totales": 3,
          "errores": [],
          "archivos_detalle": [
            {
              "archivo": "C:\\Users\\v_jac\\Desktop\\itc engine v5.0\\core\\data_management\\advanced_candle_downloader.py",
              "migrado": true,
              "cambios": 3,
              "backup_creado": true,
              "errores": []
            },
            {
              "archivo": "C:\\Users\\v_jac\\Desktop\\itc engine v5.0\\core\\data_management\\candle_coordinator.py",
              "migrado": false,
              "cambios": 0,
              "backup_creado": true,
              "errores": []
            }
          ]
        },
        "core/risk_management/": {
          "directorio": "core/risk_management/",
          "archivos_procesados": 1,
          "archivos_migrados": 0,
          "cambios_totales": 0,
          "errores": [],
          "archivos_detalle": [
            {
              "archivo": "C:\\Users\\v_jac\\Desktop\\itc engine v5.0\\core\\risk_management\\riskbot_mt5.py",
              "migrado": false,
              "cambios": 0,
              "backup_creado": true,
              "errores": []
            }
          ]
        },
        "core/poi_system/": {
          "directorio": "core/poi_system/",
          "archivos_procesados": 4,
          "archivos_migrados": 0,
          "cambios_totales": 0,
          "errores": [],
          "archivos_detalle": [
            {
              "archivo": "C:\\Users\\v_jac\\Desktop\\itc engine v5.0\\core\\poi_system\\poi_detector.py",
              "migrado": false,
              "cambios": 0,
              "backup_creado": true,
              "errores": []
            },
            {
              "archivo": "C:\\Users\\v_jac\\Desktop\\itc engine v5.0\\core\\poi_system\\poi_scoring_engine.py",
              "migrado": false,
              "cambios": 0,
              "backup_creado": true,
              "errores": []
            },
            {
              "archivo": "C:\\Users\\v_jac\\Desktop\\itc engine v5.0\\core\\poi_system\\poi_system.py",
              "migrado": false,
              "cambios": 0,
              "backup_creado": true,
              "errores": []
            },
            {
              "archivo": "C:\\Users\\v_jac\\Desktop\\itc engine v5.0\\core\\poi_system\\poi_utils.py",
              "migrado": false,
              "cambios": 0,
              "backup_creado": true,
              "errores": []
            }
          ]
        },
        "core/integrations/": {
          "directorio": "core/integrations/",
          "archivos_procesados": 1,
          "archivos_migrados": 0,
          "cambios_totales": 0,
          "errores": [],
          "archivos_detalle": [
            {
              "archivo": "C:\\Users\\v_jac\\Desktop\\itc engine v5.0\\core\\integrations\\candle_downloader_integration.py",
              "migrado": false,
              "cambios": 0,
              "backup_creado": true,
              "errores": []
            }
          ]
        }
      },
      "archivos_procesados": 8,
      "archivos_migrados": 1,
      "cambios_totales": 3
    },
    "PRIORIDAD_3": {
      "directorios": {
        "dashboard/": {
          "directorio": "dashboard/",
          "archivos_procesados": 11,
          "archivos_migrados": 5,
          "cambios_totales": 23,
          "errores": [],
          "archivos_detalle": [
            {
              "archivo": "C:\\Users\\v_jac\\Desktop\\itc engine v5.0\\dashboard\\candle_downloader_widget.py",
              "migrado": false,
              "cambios": 0,
              "backup_creado": true,
              "errores": []
            },
            {
              "archivo": "C:\\Users\\v_jac\\Desktop\\itc engine v5.0\\dashboard\\dashboard_controller.py",
              "migrado": false,
              "cambios": 0,
              "backup_creado": true,
              "errores": []
            },
            {
              "archivo": "C:\\Users\\v_jac\\Desktop\\itc engine v5.0\\dashboard\\dashboard_definitivo.py",
              "migrado": true,
              "cambios": 7,
              "backup_creado": true,
              "errores": []
            },
            {
              "archivo": "C:\\Users\\v_jac\\Desktop\\itc engine v5.0\\dashboard\\dashboard_problems_patch.py",
              "migrado": true,
              "cambios": 6,
              "backup_creado": true,
              "errores": []
            },
            {
              "archivo": "C:\\Users\\v_jac\\Desktop\\itc engine v5.0\\dashboard\\dashboard_widgets.py",
              "migrado": false,
              "cambios": 0,
              "backup_creado": true,
              "errores": []
            },
            {
              "archivo": "C:\\Users\\v_jac\\Desktop\\itc engine v5.0\\dashboard\\hibernacion_perfecta.py",
              "migrado": false,
              "cambios": 0,
              "backup_creado": true,
              "errores": []
            },
            {
              "archivo": "C:\\Users\\v_jac\\Desktop\\itc engine v5.0\\dashboard\\hibernation_widget_v2.py",
              "migrado": true,
              "cambios": 3,
              "backup_creado": true,
              "errores": []
            },
            {
              "archivo": "C:\\Users\\v_jac\\Desktop\\itc engine v5.0\\dashboard\\ict_professional_widget.py",
              "migrado": false,
              "cambios": 0,
              "backup_creado": true,
              "errores": []
            },
            {
              "archivo": "C:\\Users\\v_jac\\Desktop\\itc engine v5.0\\dashboard\\poi_dashboard_integration.py",
              "migrado": false,
              "cambios": 0,
              "backup_creado": false,
              "errores": []
            },
            {
              "archivo": "C:\\Users\\v_jac\\Desktop\\itc engine v5.0\\dashboard\\problems_tab_renderer.py",
              "migrado": true,
              "cambios": 6,
              "backup_creado": true,
              "errores": []
            },
            {
              "archivo": "C:\\Users\\v_jac\\Desktop\\itc engine v5.0\\dashboard\\widgets\\account_status_widget.py",
              "migrado": true,
              "cambios": 1,
              "backup_creado": true,
              "errores": []
            }
          ]
        },
        "utils/": {
          "directorio": "utils/",
          "archivos_procesados": 3,
          "archivos_migrados": 2,
          "cambios_totales": 4,
          "errores": [],
          "archivos_detalle": [
            {
              "archivo": "C:\\Users\\v_jac\\Desktop\\itc engine v5.0\\utils\\logging_utils.py",
              "migrado": false,
              "cambios": 0,
              "backup_creado": true,
              "errores": []
            },
            {
              "archivo": "C:\\Users\\v_jac\\Desktop\\itc engine v5.0\\utils\\mt5_data_manager.py",
              "migrado": true,
              "cambios": 3,
              "backup_creado": true,
              "errores": []
            },
            {
              "archivo": "C:\\Users\\v_jac\\Desktop\\itc engine v5.0\\utils\\system_diagnostics.py",
              "migrado": true,
              "cambios": 1,
              "backup_creado": true,
              "errores": []
            }
          ]
        },
        "utilities/": {
          "directorio": "utilities/",
          "archivos_procesados": 8,
          "archivos_migrados": 0,
          "cambios_totales": 0,
          "errores": [],
          "archivos_detalle": [
            {
              "archivo": "C:\\Users\\v_jac\\Desktop\\itc engine v5.0\\utilities\\debug\\console_config.py",
              "migrado": false,
              "cambios": 0,
              "backup_creado": true,
              "errores": []
            },
            {
              "archivo": "C:\\Users\\v_jac\\Desktop\\itc engine v5.0\\utilities\\debug\\debug_launcher.py",
              "migrado": false,
              "cambios": 0,
              "backup_creado": true,
              "errores": []
            },
            {
              "archivo": "C:\\Users\\v_jac\\Desktop\\itc engine v5.0\\utilities\\debug\\detector_logs_rapido.py",
              "migrado": false,
              "cambios": 0,
              "backup_creado": true,
              "errores": []
            },
            {
              "archivo": "C:\\Users\\v_jac\\Desktop\\itc engine v5.0\\utilities\\debug\\limpiar_logs_obsoletos.py",
              "migrado": false,
              "cambios": 0,
              "backup_creado": true,
              "errores": []
            },
            {
              "archivo": "C:\\Users\\v_jac\\Desktop\\itc engine v5.0\\utilities\\debug\\organizar_archivos.py",
              "migrado": false,
              "cambios": 0,
              "backup_creado": true,
              "errores": []
            },
            {
              "archivo": "C:\\Users\\v_jac\\Desktop\\itc engine v5.0\\utilities\\debug\\reporte_final_logs.py",
              "migrado": false,
              "cambios": 0,
              "backup_creado": true,
              "errores": []
            },
            {
              "archivo": "C:\\Users\\v_jac\\Desktop\\itc engine v5.0\\utilities\\sprint\\sprint_1_1_consolidator.py",
              "migrado": false,
              "cambios": 0,
              "backup_creado": true,
              "errores": []
            },
            {
              "archivo": "C:\\Users\\v_jac\\Desktop\\itc engine v5.0\\utilities\\sprint\\sprint_1_1_executor.py",
              "migrado": false,
              "cambios": 0,
              "backup_creado": true,
              "errores": []
            }
          ]
        },
        "teste/": {
          "directorio": "teste/",
          "archivos_procesados": 4,
          "archivos_migrados": 0,
          "cambios_totales": 0,
          "errores": [],
          "archivos_detalle": [
            {
              "archivo": "C:\\Users\\v_jac\\Desktop\\itc engine v5.0\\teste\\simple_test.py",
              "migrado": false,
              "cambios": 0,
              "backup_creado": true,
              "errores": []
            },
            {
              "archivo": "C:\\Users\\v_jac\\Desktop\\itc engine v5.0\\teste\\test_dashboard_poi.py",
              "migrado": false,
              "cambios": 0,
              "backup_creado": true,
              "errores": []
            },
            {
              "archivo": "C:\\Users\\v_jac\\Desktop\\itc engine v5.0\\teste\\test_hibernation_widget.py",
              "migrado": false,
              "cambios": 0,
              "backup_creado": true,
              "errores": []
            },
            {
              "archivo": "C:\\Users\\v_jac\\Desktop\\itc engine v5.0\\teste\\test_poi_integration.py",
              "migrado": false,
              "cambios": 0,
              "backup_creado": true,
              "errores": []
            }
          ]
        },
        "scripts/": {
          "directorio": "scripts/",
          "archivos_procesados": 35,
          "archivos_migrados": 14,
          "cambios_totales": 85,
          "errores": [],
          "archivos_detalle": [
            {
              "archivo": "C:\\Users\\v_jac\\Desktop\\itc engine v5.0\\scripts\\activate_import_fixer.py",
              "migrado": false,
              "cambios": 0,
              "backup_creado": true,
              "errores": []
            },
            {
              "archivo": "C:\\Users\\v_jac\\Desktop\\itc engine v5.0\\scripts\\analizar_estrategia.py",
              "migrado": false,
              "cambios": 0,
              "backup_creado": true,
              "errores": []
            },
            {
              "archivo": "C:\\Users\\v_jac\\Desktop\\itc engine v5.0\\scripts\\analizar_logs.py",
              "migrado": false,
              "cambios": 0,
              "backup_creado": true,
              "errores": []
            },
            {
              "archivo": "C:\\Users\\v_jac\\Desktop\\itc engine v5.0\\scripts\\analizar_scripts_indispensables.py",
              "migrado": false,
              "cambios": 0,
              "backup_creado": true,
              "errores": []
            },
            {
              "archivo": "C:\\Users\\v_jac\\Desktop\\itc engine v5.0\\scripts\\check_os_imports.py",
              "migrado": false,
              "cambios": 0,
              "backup_creado": true,
              "errores": []
            },
            {
              "archivo": "C:\\Users\\v_jac\\Desktop\\itc engine v5.0\\scripts\\check_subprocess_imports.py",
              "migrado": false,
              "cambios": 0,
              "backup_creado": true,
              "errores": []
            },
            {
              "archivo": "C:\\Users\\v_jac\\Desktop\\itc engine v5.0\\scripts\\corrector_imports_problematicos.py",
              "migrado": true,
              "cambios": 4,
              "backup_creado": true,
              "errores": []
            },
            {
              "archivo": "C:\\Users\\v_jac\\Desktop\\itc engine v5.0\\scripts\\corrector_log_central.py",
              "migrado": false,
              "cambios": 0,
              "backup_creado": true,
              "errores": []
            },
            {
              "archivo": "C:\\Users\\v_jac\\Desktop\\itc engine v5.0\\scripts\\detectar_imports_viejos.py",
              "migrado": true,
              "cambios": 4,
              "backup_creado": true,
              "errores": []
            },
            {
              "archivo": "C:\\Users\\v_jac\\Desktop\\itc engine v5.0\\scripts\\diagnosticar_estrategia.py",
              "migrado": false,
              "cambios": 0,
              "backup_creado": true,
              "errores": []
            },
            {
              "archivo": "C:\\Users\\v_jac\\Desktop\\itc engine v5.0\\scripts\\fase1_scan_imports.py",
              "migrado": true,
              "cambios": 7,
              "backup_creado": true,
              "errores": []
            },
            {
              "archivo": "C:\\Users\\v_jac\\Desktop\\itc engine v5.0\\scripts\\fase2_expandir_sic.py",
              "migrado": true,
              "cambios": 8,
              "backup_creado": true,
              "errores": []
            },
            {
              "archivo": "C:\\Users\\v_jac\\Desktop\\itc engine v5.0\\scripts\\fase3_eliminar_imports.py",
              "migrado": true,
              "cambios": 6,
              "backup_creado": true,
              "errores": []
            },
            {
              "archivo": "C:\\Users\\v_jac\\Desktop\\itc engine v5.0\\scripts\\fix_migration_indentation.py",
              "migrado": false,
              "cambios": 0,
              "backup_creado": true,
              "errores": []
            },
            {
              "archivo": "C:\\Users\\v_jac\\Desktop\\itc engine v5.0\\scripts\\fix_unused_imports.py",
              "migrado": false,
              "cambios": 0,
              "backup_creado": true,
              "errores": []
            },
            {
              "archivo": "C:\\Users\\v_jac\\Desktop\\itc engine v5.0\\scripts\\limpiar_archivos_obsoletos.py",
              "migrado": false,
              "cambios": 0,
              "backup_creado": true,
              "errores": []
            },
            {
              "archivo": "C:\\Users\\v_jac\\Desktop\\itc engine v5.0\\scripts\\migrador_inteligente_v2.py",
              "migrado": true,
              "cambios": 1,
              "backup_creado": true,
              "errores": []
            },
            {
              "archivo": "C:\\Users\\v_jac\\Desktop\\itc engine v5.0\\scripts\\migrador_masivo_sic_v3.py",
              "migrado": true,
              "cambios": 8,
              "backup_creado": true,
              "errores": []
            },
            {
              "archivo": "C:\\Users\\v_jac\\Desktop\\itc engine v5.0\\scripts\\migrate_to_sic.py",
              "migrado": true,
              "cambios": 23,
              "backup_creado": true,
              "errores": []
            },
            {
              "archivo": "C:\\Users\\v_jac\\Desktop\\itc engine v5.0\\scripts\\mostrar_config_velas.py",
              "migrado": false,
              "cambios": 0,
              "backup_creado": true,
              "errores": []
            },
            {
              "archivo": "C:\\Users\\v_jac\\Desktop\\itc engine v5.0\\scripts\\preparar_refinamiento_sic.py",
              "migrado": true,
              "cambios": 1,
              "backup_creado": true,
              "errores": []
            },
            {
              "archivo": "C:\\Users\\v_jac\\Desktop\\itc engine v5.0\\scripts\\prueba_concepto_migracion.py",
              "migrado": true,
              "cambios": 5,
              "backup_creado": true,
              "errores": []
            },
            {
              "archivo": "C:\\Users\\v_jac\\Desktop\\itc engine v5.0\\scripts\\reporte_final_diagnostico.py",
              "migrado": false,
              "cambios": 0,
              "backup_creado": false,
              "errores": []
            },
            {
              "archivo": "C:\\Users\\v_jac\\Desktop\\itc engine v5.0\\scripts\\restauracion_directa.py",
              "migrado": false,
              "cambios": 0,
              "backup_creado": true,
              "errores": []
            },
            {
              "archivo": "C:\\Users\\v_jac\\Desktop\\itc engine v5.0\\scripts\\restaurar_archivos_selectivo.py",
              "migrado": false,
              "cambios": 0,
              "backup_creado": true,
              "errores": []
            },
            {
              "archivo": "C:\\Users\\v_jac\\Desktop\\itc engine v5.0\\scripts\\scanner_independiente.py",
              "migrado": true,
              "cambios": 1,
              "backup_creado": true,
              "errores": []
            },
            {
              "archivo": "C:\\Users\\v_jac\\Desktop\\itc engine v5.0\\scripts\\sprint_1_6_calibrator.py",
              "migrado": false,
              "cambios": 0,
              "backup_creado": true,
              "errores": []
            },
            {
              "archivo": "C:\\Users\\v_jac\\Desktop\\itc engine v5.0\\scripts\\system_info.py",
              "migrado": false,
              "cambios": 0,
              "backup_creado": true,
              "errores": []
            },
            {
              "archivo": "C:\\Users\\v_jac\\Desktop\\itc engine v5.0\\scripts\\validador_final_estrategia.py",
              "migrado": true,
              "cambios": 8,
              "backup_creado": true,
              "errores": []
            },
            {
              "archivo": "C:\\Users\\v_jac\\Desktop\\itc engine v5.0\\scripts\\validador_final_sic.py",
              "migrado": true,
              "cambios": 2,
              "backup_creado": true,
              "errores": []
            },
            {
              "archivo": "C:\\Users\\v_jac\\Desktop\\itc engine v5.0\\scripts\\validador_log_central.py",
              "migrado": false,
              "cambios": 0,
              "backup_creado": true,
              "errores": []
            },
            {
              "archivo": "C:\\Users\\v_jac\\Desktop\\itc engine v5.0\\scripts\\validador_maestro.py",
              "migrado": false,
              "cambios": 0,
              "backup_creado": true,
              "errores": []
            },
            {
              "archivo": "C:\\Users\\v_jac\\Desktop\\itc engine v5.0\\scripts\\validate_candle_downloader_final.py",
              "migrado": false,
              "cambios": 0,
              "backup_creado": true,
              "errores": []
            },
            {
              "archivo": "C:\\Users\\v_jac\\Desktop\\itc engine v5.0\\scripts\\verificar_datos_reales.py",
              "migrado": false,
              "cambios": 0,
              "backup_creado": true,
              "errores": []
            },
            {
              "archivo": "C:\\Users\\v_jac\\Desktop\\itc engine v5.0\\scripts\\error_detection\\error_detector.py",
              "migrado": true,
              "cambios": 7,
              "backup_creado": true,
              "errores": []
            }
          ]
        }
      },
      "archivos_procesados": 61,
      "archivos_migrados": 21,
      "cambios_totales": 112
    }
  },
  "totales": {
    "directorios_procesados": 11,
    "archivos_procesados": 82,
    "archivos_migrados": 23,
    "cambios_totales": 119
  },
  "errores_globales": []
}