{
  "timestamp": "2025-08-06T16:51:48.347510",
  "paquetes_procesados": 5,
  "archivos_totales": 93,
  "archivos_migrados": 45,
  "cambios_totales": 93,
  "errores": [],
  "paquetes": [
    {
      "paquete": 1,
      "archivos_procesados": 20,
      "archivos_migrados": 2,
      "cambios_totales": 2,
      "resultados": [
        {
          "archivo": "C:\\Users\\v_jac\\Desktop\\itc engine v5.0\\core\\poi_system\\poi_system.py",
          "migrado": false,
          "cambios": 0,
          "errores": []
        },
        {
          "archivo": "C:\\Users\\v_jac\\Desktop\\itc engine v5.0\\core\\ict_engine\\fractal_analyzer.py",
          "migrado": false,
          "cambios": 0,
          "errores": []
        },
        {
          "archivo": "C:\\Users\\v_jac\\Desktop\\itc engine v5.0\\core\\poi_system\\poi_utils.py",
          "migrado": false,
          "cambios": 0,
          "errores": []
        },
        {
          "archivo": "C:\\Users\\v_jac\\Desktop\\itc engine v5.0\\core\\poi_system\\poi_scoring_engine.py",
          "migrado": false,
          "cambios": 0,
          "errores": []
        },
        {
          "archivo": "C:\\Users\\v_jac\\Desktop\\itc engine v5.0\\core\\risk_management\\riskbot_mt5.py",
          "migrado": false,
          "cambios": 0,
          "errores": []
        },
        {
          "archivo": "C:\\Users\\v_jac\\Desktop\\itc engine v5.0\\core\\poi_system\\poi_detector.py",
          "migrado": false,
          "cambios": 0,
          "errores": [
            "Error de sintaxis post-migración"
          ]
        },
        {
          "archivo": "C:\\Users\\v_jac\\Desktop\\itc engine v5.0\\core\\data_management\\candle_coordinator.py",
          "migrado": false,
          "cambios": 0,
          "errores": []
        },
        {
          "archivo": "C:\\Users\\v_jac\\Desktop\\itc engine v5.0\\core\\ict_engine\\confidence_engine.py",
          "migrado": false,
          "cambios": 0,
          "errores": []
        },
        {
          "archivo": "C:\\Users\\v_jac\\Desktop\\itc engine v5.0\\core\\ict_engine\\confidence_calibrator.py",
          "migrado": false,
          "cambios": 0,
          "errores": []
        },
        {
          "archivo": "C:\\Users\\v_jac\\Desktop\\itc engine v5.0\\core\\analytics\\ict_analyzer.py",
          "migrado": false,
          "cambios": 0,
          "errores": []
        },
        {
          "archivo": "C:\\Users\\v_jac\\Desktop\\itc engine v5.0\\core\\data_management\\advanced_candle_downloader.py",
          "migrado": false,
          "cambios": 0,
          "errores": []
        },
        {
          "archivo": "C:\\Users\\v_jac\\Desktop\\itc engine v5.0\\core\\ict_engine\\ict_detector.py",
          "migrado": false,
          "cambios": 0,
          "errores": []
        },
        {
          "archivo": "C:\\Users\\v_jac\\Desktop\\itc engine v5.0\\core\\ict_engine\\ict_engine.py",
          "migrado": false,
          "cambios": 0,
          "errores": []
        },
        {
          "archivo": "C:\\Users\\v_jac\\Desktop\\itc engine v5.0\\core\\ict_engine\\pattern_analyzer.py",
          "migrado": false,
          "cambios": 0,
          "errores": []
        },
        {
          "archivo": "C:\\Users\\v_jac\\Desktop\\itc engine v5.0\\core\\integrations\\candle_downloader_integration.py",
          "migrado": true,
          "cambios": 1,
          "errores": []
        },
        {
          "archivo": "C:\\Users\\v_jac\\Desktop\\itc engine v5.0\\core\\ict_engine\\ict_types.py",
          "migrado": false,
          "cambios": 0,
          "errores": []
        },
        {
          "archivo": "C:\\Users\\v_jac\\Desktop\\itc engine v5.0\\core\\ict_engine\\advanced_patterns\\judas_swing_v2.py",
          "migrado": false,
          "cambios": 0,
          "errores": []
        },
        {
          "archivo": "C:\\Users\\v_jac\\Desktop\\itc engine v5.0\\core\\ict_engine\\advanced_patterns\\market_structure_v2.py",
          "migrado": false,
          "cambios": 0,
          "errores": []
        },
        {
          "archivo": "C:\\Users\\v_jac\\Desktop\\itc engine v5.0\\core\\ict_engine\\veredicto_engine_v4.py",
          "migrado": false,
          "cambios": 0,
          "errores": []
        },
        {
          "archivo": "C:\\Users\\v_jac\\Desktop\\itc engine v5.0\\core\\ict_engine\\ict_historical_analyzer.py",
          "migrado": true,
          "cambios": 1,
          "errores": []
        }
      ]
    },
    {
      "paquete": 2,
      "archivos_procesados": 20,
      "archivos_migrados": 10,
      "cambios_totales": 28,
      "resultados": [
        {
          "archivo": "C:\\Users\\v_jac\\Desktop\\itc engine v5.0\\dashboard\\poi_dashboard_integration.py",
          "migrado": false,
          "cambios": 0,
          "errores": []
        },
        {
          "archivo": "C:\\Users\\v_jac\\Desktop\\itc engine v5.0\\core\\ict_engine\\advanced_patterns\\silver_bullet_v2.py",
          "migrado": false,
          "cambios": 0,
          "errores": []
        },
        {
          "archivo": "C:\\Users\\v_jac\\Desktop\\itc engine v5.0\\dashboard\\candle_downloader_widget.py",
          "migrado": false,
          "cambios": 0,
          "errores": []
        },
        {
          "archivo": "C:\\Users\\v_jac\\Desktop\\itc engine v5.0\\dashboard\\hibernacion_perfecta.py",
          "migrado": false,
          "cambios": 0,
          "errores": []
        },
        {
          "archivo": "C:\\Users\\v_jac\\Desktop\\itc engine v5.0\\dashboard\\hibernation_widget_v2.py",
          "migrado": false,
          "cambios": 0,
          "errores": []
        },
        {
          "archivo": "C:\\Users\\v_jac\\Desktop\\itc engine v5.0\\dashboard\\dashboard_controller.py",
          "migrado": false,
          "cambios": 0,
          "errores": []
        },
        {
          "archivo": "C:\\Users\\v_jac\\Desktop\\itc engine v5.0\\dashboard\\dashboard_widgets.py",
          "migrado": false,
          "cambios": 0,
          "errores": []
        },
        {
          "archivo": "C:\\Users\\v_jac\\Desktop\\itc engine v5.0\\dashboard\\dashboard_problems_patch.py",
          "migrado": true,
          "cambios": 1,
          "errores": []
        },
        {
          "archivo": "C:\\Users\\v_jac\\Desktop\\itc engine v5.0\\dashboard\\widgets\\account_status_widget.py",
          "migrado": false,
          "cambios": 0,
          "errores": []
        },
        {
          "archivo": "C:\\Users\\v_jac\\Desktop\\itc engine v5.0\\dashboard\\ict_professional_widget.py",
          "migrado": true,
          "cambios": 1,
          "errores": []
        },
        {
          "archivo": "C:\\Users\\v_jac\\Desktop\\itc engine v5.0\\dashboard\\dashboard_definitivo.py",
          "migrado": true,
          "cambios": 3,
          "errores": []
        },
        {
          "archivo": "C:\\Users\\v_jac\\Desktop\\itc engine v5.0\\utils\\mt5_data_manager.py",
          "migrado": false,
          "cambios": 0,
          "errores": []
        },
        {
          "archivo": "C:\\Users\\v_jac\\Desktop\\itc engine v5.0\\dashboard\\widgets\\account_status_widget.py",
          "migrado": false,
          "cambios": 0,
          "errores": []
        },
        {
          "archivo": "C:\\Users\\v_jac\\Desktop\\itc engine v5.0\\utilities\\debug\\limpiar_logs_obsoletos.py",
          "migrado": true,
          "cambios": 12,
          "errores": []
        },
        {
          "archivo": "C:\\Users\\v_jac\\Desktop\\itc engine v5.0\\utilities\\debug\\detector_logs_rapido.py",
          "migrado": true,
          "cambios": 5,
          "errores": []
        },
        {
          "archivo": "C:\\Users\\v_jac\\Desktop\\itc engine v5.0\\utils\\system_diagnostics.py",
          "migrado": true,
          "cambios": 1,
          "errores": []
        },
        {
          "archivo": "C:\\Users\\v_jac\\Desktop\\itc engine v5.0\\dashboard\\problems_tab_renderer.py",
          "migrado": true,
          "cambios": 1,
          "errores": []
        },
        {
          "archivo": "C:\\Users\\v_jac\\Desktop\\itc engine v5.0\\utils\\logging_utils.py",
          "migrado": true,
          "cambios": 2,
          "errores": []
        },
        {
          "archivo": "C:\\Users\\v_jac\\Desktop\\itc engine v5.0\\utilities\\debug\\console_config.py",
          "migrado": true,
          "cambios": 1,
          "errores": []
        },
        {
          "archivo": "C:\\Users\\v_jac\\Desktop\\itc engine v5.0\\utilities\\debug\\debug_launcher.py",
          "migrado": true,
          "cambios": 1,
          "errores": []
        }
      ]
    },
    {
      "paquete": 3,
      "archivos_procesados": 20,
      "archivos_migrados": 14,
      "cambios_totales": 22,
      "resultados": [
        {
          "archivo": "C:\\Users\\v_jac\\Desktop\\itc engine v5.0\\utilities\\debug\\organizar_archivos.py",
          "migrado": true,
          "cambios": 1,
          "errores": []
        },
        {
          "archivo": "C:\\Users\\v_jac\\Desktop\\itc engine v5.0\\teste\\test_poi_integration.py",
          "migrado": false,
          "cambios": 0,
          "errores": []
        },
        {
          "archivo": "C:\\Users\\v_jac\\Desktop\\itc engine v5.0\\teste\\test_dashboard_poi.py",
          "migrado": false,
          "cambios": 0,
          "errores": []
        },
        {
          "archivo": "C:\\Users\\v_jac\\Desktop\\itc engine v5.0\\utilities\\debug\\reporte_final_logs.py",
          "migrado": true,
          "cambios": 2,
          "errores": []
        },
        {
          "archivo": "C:\\Users\\v_jac\\Desktop\\itc engine v5.0\\teste\\simple_test.py",
          "migrado": false,
          "cambios": 0,
          "errores": []
        },
        {
          "archivo": "C:\\Users\\v_jac\\Desktop\\itc engine v5.0\\utilities\\sprint\\sprint_1_1_consolidator.py",
          "migrado": false,
          "cambios": 0,
          "errores": []
        },
        {
          "archivo": "C:\\Users\\v_jac\\Desktop\\itc engine v5.0\\teste\\test_hibernation_widget.py",
          "migrado": false,
          "cambios": 0,
          "errores": []
        },
        {
          "archivo": "C:\\Users\\v_jac\\Desktop\\itc engine v5.0\\utilities\\sprint\\sprint_1_1_executor.py",
          "migrado": true,
          "cambios": 5,
          "errores": []
        },
        {
          "archivo": "C:\\Users\\v_jac\\Desktop\\itc engine v5.0\\scripts\\analizar_estrategia.py",
          "migrado": true,
          "cambios": 1,
          "errores": []
        },
        {
          "archivo": "C:\\Users\\v_jac\\Desktop\\itc engine v5.0\\scripts\\check_subprocess_imports.py",
          "migrado": false,
          "cambios": 0,
          "errores": []
        },
        {
          "archivo": "C:\\Users\\v_jac\\Desktop\\itc engine v5.0\\scripts\\analizar_logs.py",
          "migrado": true,
          "cambios": 2,
          "errores": []
        },
        {
          "archivo": "C:\\Users\\v_jac\\Desktop\\itc engine v5.0\\scripts\\activate_import_fixer.py",
          "migrado": true,
          "cambios": 1,
          "errores": []
        },
        {
          "archivo": "C:\\Users\\v_jac\\Desktop\\itc engine v5.0\\scripts\\diagnosticar_estrategia.py",
          "migrado": true,
          "cambios": 1,
          "errores": []
        },
        {
          "archivo": "C:\\Users\\v_jac\\Desktop\\itc engine v5.0\\scripts\\corrector_log_central.py",
          "migrado": true,
          "cambios": 1,
          "errores": []
        },
        {
          "archivo": "C:\\Users\\v_jac\\Desktop\\itc engine v5.0\\scripts\\check_os_imports.py",
          "migrado": true,
          "cambios": 1,
          "errores": []
        },
        {
          "archivo": "C:\\Users\\v_jac\\Desktop\\itc engine v5.0\\scripts\\corrector_imports_problematicos.py",
          "migrado": true,
          "cambios": 1,
          "errores": []
        },
        {
          "archivo": "C:\\Users\\v_jac\\Desktop\\itc engine v5.0\\scripts\\analizar_scripts_indispensables.py",
          "migrado": true,
          "cambios": 1,
          "errores": []
        },
        {
          "archivo": "C:\\Users\\v_jac\\Desktop\\itc engine v5.0\\scripts\\detectar_imports_viejos.py",
          "migrado": true,
          "cambios": 1,
          "errores": []
        },
        {
          "archivo": "C:\\Users\\v_jac\\Desktop\\itc engine v5.0\\scripts\\fase1_scan_imports.py",
          "migrado": true,
          "cambios": 2,
          "errores": []
        },
        {
          "archivo": "C:\\Users\\v_jac\\Desktop\\itc engine v5.0\\scripts\\fase3_eliminar_imports.py",
          "migrado": true,
          "cambios": 2,
          "errores": []
        }
      ]
    },
    {
      "paquete": 4,
      "archivos_procesados": 20,
      "archivos_migrados": 14,
      "cambios_totales": 24,
      "resultados": [
        {
          "archivo": "C:\\Users\\v_jac\\Desktop\\itc engine v5.0\\scripts\\limpiar_archivos_obsoletos.py",
          "migrado": false,
          "cambios": 0,
          "errores": []
        },
        {
          "archivo": "C:\\Users\\v_jac\\Desktop\\itc engine v5.0\\scripts\\migrador_inteligente_v2.py",
          "migrado": true,
          "cambios": 1,
          "errores": []
        },
        {
          "archivo": "C:\\Users\\v_jac\\Desktop\\itc engine v5.0\\scripts\\fix_migration_indentation.py",
          "migrado": false,
          "cambios": 0,
          "errores": []
        },
        {
          "archivo": "C:\\Users\\v_jac\\Desktop\\itc engine v5.0\\scripts\\reporte_final_diagnostico.py",
          "migrado": false,
          "cambios": 0,
          "errores": []
        },
        {
          "archivo": "C:\\Users\\v_jac\\Desktop\\itc engine v5.0\\scripts\\fix_unused_imports.py",
          "migrado": true,
          "cambios": 1,
          "errores": []
        },
        {
          "archivo": "C:\\Users\\v_jac\\Desktop\\itc engine v5.0\\scripts\\mostrar_config_velas.py",
          "migrado": true,
          "cambios": 1,
          "errores": []
        },
        {
          "archivo": "C:\\Users\\v_jac\\Desktop\\itc engine v5.0\\scripts\\migrador_masivo_paquetes.py",
          "migrado": true,
          "cambios": 8,
          "errores": []
        },
        {
          "archivo": "C:\\Users\\v_jac\\Desktop\\itc engine v5.0\\scripts\\scanner_independiente.py",
          "migrado": false,
          "cambios": 0,
          "errores": []
        },
        {
          "archivo": "C:\\Users\\v_jac\\Desktop\\itc engine v5.0\\scripts\\restauracion_directa.py",
          "migrado": true,
          "cambios": 1,
          "errores": []
        },
        {
          "archivo": "C:\\Users\\v_jac\\Desktop\\itc engine v5.0\\scripts\\sprint_1_6_calibrator.py",
          "migrado": false,
          "cambios": 0,
          "errores": []
        },
        {
          "archivo": "C:\\Users\\v_jac\\Desktop\\itc engine v5.0\\scripts\\prueba_concepto_migracion.py",
          "migrado": true,
          "cambios": 2,
          "errores": []
        },
        {
          "archivo": "C:\\Users\\v_jac\\Desktop\\itc engine v5.0\\scripts\\migrador_masivo_sic_v3.py",
          "migrado": true,
          "cambios": 1,
          "errores": []
        },
        {
          "archivo": "C:\\Users\\v_jac\\Desktop\\itc engine v5.0\\scripts\\restaurar_archivos_selectivo.py",
          "migrado": true,
          "cambios": 1,
          "errores": []
        },
        {
          "archivo": "C:\\Users\\v_jac\\Desktop\\itc engine v5.0\\scripts\\validador_log_central.py",
          "migrado": true,
          "cambios": 1,
          "errores": []
        },
        {
          "archivo": "C:\\Users\\v_jac\\Desktop\\itc engine v5.0\\scripts\\validador_final_estrategia.py",
          "migrado": true,
          "cambios": 1,
          "errores": []
        },
        {
          "archivo": "C:\\Users\\v_jac\\Desktop\\itc engine v5.0\\scripts\\validador_final_proyecto.py",
          "migrado": true,
          "cambios": 3,
          "errores": []
        },
        {
          "archivo": "C:\\Users\\v_jac\\Desktop\\itc engine v5.0\\scripts\\system_info.py",
          "migrado": true,
          "cambios": 1,
          "errores": []
        },
        {
          "archivo": "C:\\Users\\v_jac\\Desktop\\itc engine v5.0\\scripts\\validate_candle_downloader_final.py",
          "migrado": true,
          "cambios": 1,
          "errores": []
        },
        {
          "archivo": "C:\\Users\\v_jac\\Desktop\\itc engine v5.0\\scripts\\validador_maestro.py",
          "migrado": true,
          "cambios": 1,
          "errores": []
        },
        {
          "archivo": "C:\\Users\\v_jac\\Desktop\\itc engine v5.0\\scripts\\verificar_datos_reales.py",
          "migrado": false,
          "cambios": 0,
          "errores": []
        }
      ]
    },
    {
      "paquete": 5,
      "archivos_procesados": 13,
      "archivos_migrados": 5,
      "cambios_totales": 17,
      "resultados": [
        {
          "archivo": "C:\\Users\\v_jac\\Desktop\\itc engine v5.0\\sistema\\data_logger.py",
          "migrado": false,
          "cambios": 0,
          "errores": []
        },
        {
          "archivo": "C:\\Users\\v_jac\\Desktop\\itc engine v5.0\\sistema\\data_logger_backup.py",
          "migrado": false,
          "cambios": 0,
          "errores": []
        },
        {
          "archivo": "C:\\Users\\v_jac\\Desktop\\itc engine v5.0\\scripts\\error_detection\\error_detector.py",
          "migrado": true,
          "cambios": 2,
          "errores": []
        },
        {
          "archivo": "C:\\Users\\v_jac\\Desktop\\itc engine v5.0\\sistema\\config.py",
          "migrado": false,
          "cambios": 0,
          "errores": []
        },
        {
          "archivo": "C:\\Users\\v_jac\\Desktop\\itc engine v5.0\\scripts\\error_detection\\error_detector.py",
          "migrado": true,
          "cambios": 2,
          "errores": []
        },
        {
          "archivo": "C:\\Users\\v_jac\\Desktop\\itc engine v5.0\\sistema\\data_logger_clean.py",
          "migrado": false,
          "cambios": 0,
          "errores": []
        },
        {
          "archivo": "C:\\Users\\v_jac\\Desktop\\itc engine v5.0\\sistema\\market_status_detector_v3.py",
          "migrado": false,
          "cambios": 0,
          "errores": []
        },
        {
          "archivo": "C:\\Users\\v_jac\\Desktop\\itc engine v5.0\\sistema\\trading_schedule.py",
          "migrado": false,
          "cambios": 0,
          "errores": []
        },
        {
          "archivo": "C:\\Users\\v_jac\\Desktop\\itc engine v5.0\\sistema\\logging_interface_simple.py",
          "migrado": true,
          "cambios": 10,
          "errores": []
        },
        {
          "archivo": "C:\\Users\\v_jac\\Desktop\\itc engine v5.0\\sistema\\imports_interface.py",
          "migrado": false,
          "cambios": 0,
          "errores": [
            "Error de sintaxis post-migración"
          ]
        },
        {
          "archivo": "C:\\Users\\v_jac\\Desktop\\itc engine v5.0\\sistema\\market_status_detector.py",
          "migrado": true,
          "cambios": 1,
          "errores": []
        },
        {
          "archivo": "C:\\Users\\v_jac\\Desktop\\itc engine v5.0\\sistema\\system_monitor.py",
          "migrado": true,
          "cambios": 2,
          "errores": []
        },
        {
          "archivo": "C:\\Users\\v_jac\\Desktop\\itc engine v5.0\\sistema\\sic_old_backup.py",
          "migrado": false,
          "cambios": 0,
          "errores": [
            "Error de sintaxis post-migración"
          ]
        }
      ]
    }
  ]
}